/* https://gist.github.com/joelverhagen/3897331 */


CREATE TABLE cl_regions (
  region_id integer NOT NULL,
  name character varying(255) NOT NULL
);

CREATE TABLE cl_states (
  state_id integer NOT NULL,
  region_id integer NOT NULL,
  name character varying(255) NOT NULL
);

CREATE TABLE cl_cities (
  location_id integer NOT NULL,
  state_id integer NOT NULL,
  domain character varying(255) NOT NULL,
  name character varying(255) NOT NULL
);

INSERT INTO cl_regions VALUES (1, 'US');
INSERT INTO cl_regions VALUES (2, 'Canada');
INSERT INTO cl_regions VALUES (3, 'Europe');
INSERT INTO cl_regions VALUES (4, 'Asia, Pacific and Middle East');
INSERT INTO cl_regions VALUES (5, 'Oceania');
INSERT INTO cl_regions VALUES (6, 'Latin America and Caribbean');
INSERT INTO cl_regions VALUES (7, 'Africa');

INSERT INTO cl_states VALUES (1, 1, 'Alabama');
INSERT INTO cl_states VALUES (2, 1, 'Alaska');
INSERT INTO cl_states VALUES (3, 1, 'Arizona');
INSERT INTO cl_states VALUES (4, 1, 'Arkansas');
INSERT INTO cl_states VALUES (5, 1, 'California');
INSERT INTO cl_states VALUES (6, 1, 'Colorado');
INSERT INTO cl_states VALUES (7, 1, 'Connecticut');
INSERT INTO cl_states VALUES (8, 1, 'Delaware');
INSERT INTO cl_states VALUES (9, 1, 'District of Columbia');
INSERT INTO cl_states VALUES (10, 1, 'Florida');
INSERT INTO cl_states VALUES (11, 1, 'Georgia');
INSERT INTO cl_states VALUES (12, 1, 'Hawaii');
INSERT INTO cl_states VALUES (13, 1, 'Idaho');
INSERT INTO cl_states VALUES (14, 1, 'Illinois');
INSERT INTO cl_states VALUES (15, 1, 'Indiana');
INSERT INTO cl_states VALUES (16, 1, 'Iowa');
INSERT INTO cl_states VALUES (17, 1, 'Kansas');
INSERT INTO cl_states VALUES (18, 1, 'Kentucky');
INSERT INTO cl_states VALUES (19, 1, 'Louisiana');
INSERT INTO cl_states VALUES (20, 1, 'Maine');
INSERT INTO cl_states VALUES (21, 1, 'Maryland');
INSERT INTO cl_states VALUES (22, 1, 'Massachusetts');
INSERT INTO cl_states VALUES (23, 1, 'Michigan');
INSERT INTO cl_states VALUES (24, 1, 'Minnesota');
INSERT INTO cl_states VALUES (25, 1, 'Mississippi');
INSERT INTO cl_states VALUES (26, 1, 'Missouri');
INSERT INTO cl_states VALUES (27, 1, 'Montana');
INSERT INTO cl_states VALUES (28, 1, 'Nebraska');
INSERT INTO cl_states VALUES (29, 1, 'Nevada');
INSERT INTO cl_states VALUES (30, 1, 'New Hampshire');
INSERT INTO cl_states VALUES (31, 1, 'New Jersey');
INSERT INTO cl_states VALUES (32, 1, 'New Mexico');
INSERT INTO cl_states VALUES (33, 1, 'New York');
INSERT INTO cl_states VALUES (34, 1, 'North Carolina');
INSERT INTO cl_states VALUES (35, 1, 'North Dakota');
INSERT INTO cl_states VALUES (36, 1, 'Ohio');
INSERT INTO cl_states VALUES (37, 1, 'Oklahoma');
INSERT INTO cl_states VALUES (38, 1, 'Oregon');
INSERT INTO cl_states VALUES (39, 1, 'Pennsylvania');
INSERT INTO cl_states VALUES (40, 1, 'Rhode Island');
INSERT INTO cl_states VALUES (41, 1, 'South Carolina');
INSERT INTO cl_states VALUES (42, 1, 'South Dakota');
INSERT INTO cl_states VALUES (43, 1, 'Tennessee');
INSERT INTO cl_states VALUES (44, 1, 'Texas');
INSERT INTO cl_states VALUES (45, 1, 'Utah');
INSERT INTO cl_states VALUES (46, 1, 'Vermont');
INSERT INTO cl_states VALUES (47, 1, 'Virginia');
INSERT INTO cl_states VALUES (48, 1, 'Washington');
INSERT INTO cl_states VALUES (49, 1, 'West Virginia');
INSERT INTO cl_states VALUES (50, 1, 'Wisconsin');
INSERT INTO cl_states VALUES (51, 1, 'Wyoming');
INSERT INTO cl_states VALUES (52, 1, 'Territories');
INSERT INTO cl_states VALUES (53, 2, 'Alberta');
INSERT INTO cl_states VALUES (54, 2, 'British Columbia');
INSERT INTO cl_states VALUES (55, 2, 'Manitoba');
INSERT INTO cl_states VALUES (56, 2, 'New Brunswick');
INSERT INTO cl_states VALUES (57, 2, 'Newfoundland and Labrador');
INSERT INTO cl_states VALUES (58, 2, 'Northwest Territories');
INSERT INTO cl_states VALUES (59, 2, 'Nova Scotia');
INSERT INTO cl_states VALUES (60, 2, 'Ontario');
INSERT INTO cl_states VALUES (61, 2, 'Prince Edward Island');
INSERT INTO cl_states VALUES (62, 2, 'Quebec');
INSERT INTO cl_states VALUES (63, 2, 'Saskatchewan');
INSERT INTO cl_states VALUES (64, 2, 'Yukon Territory');
INSERT INTO cl_states VALUES (65, 3, 'Austria');
INSERT INTO cl_states VALUES (66, 3, 'Belgium');
INSERT INTO cl_states VALUES (67, 3, 'Bulgaria');
INSERT INTO cl_states VALUES (68, 3, 'Croatia');
INSERT INTO cl_states VALUES (69, 3, 'Czech Republic');
INSERT INTO cl_states VALUES (70, 3, 'Denmark');
INSERT INTO cl_states VALUES (71, 3, 'Finland');
INSERT INTO cl_states VALUES (72, 3, 'France');
INSERT INTO cl_states VALUES (73, 3, 'Germany');
INSERT INTO cl_states VALUES (74, 3, 'Greece');
INSERT INTO cl_states VALUES (75, 3, 'Hungary');
INSERT INTO cl_states VALUES (76, 3, 'Iceland');
INSERT INTO cl_states VALUES (77, 3, 'Ireland');
INSERT INTO cl_states VALUES (78, 3, 'Italy');
INSERT INTO cl_states VALUES (79, 3, 'Luxembourg');
INSERT INTO cl_states VALUES (80, 3, 'Netherlands');
INSERT INTO cl_states VALUES (81, 3, 'Norway');
INSERT INTO cl_states VALUES (82, 3, 'Poland');
INSERT INTO cl_states VALUES (83, 3, 'Portugal');
INSERT INTO cl_states VALUES (84, 3, 'Romania');
INSERT INTO cl_states VALUES (85, 3, 'Russian Federation');
INSERT INTO cl_states VALUES (86, 3, 'Spain');
INSERT INTO cl_states VALUES (87, 3, 'Sweden');
INSERT INTO cl_states VALUES (88, 3, 'Switzerland');
INSERT INTO cl_states VALUES (89, 3, 'Turkey');
INSERT INTO cl_states VALUES (90, 3, 'Ukraine');
INSERT INTO cl_states VALUES (91, 3, 'United Kingdom');
INSERT INTO cl_states VALUES (92, 4, 'Bangladesh');
INSERT INTO cl_states VALUES (93, 4, 'China');
INSERT INTO cl_states VALUES (94, 4, 'Hong Kong');
INSERT INTO cl_states VALUES (95, 4, 'India');
INSERT INTO cl_states VALUES (96, 4, 'Indonesia');
INSERT INTO cl_states VALUES (97, 4, 'Iran');
INSERT INTO cl_states VALUES (98, 4, 'Iraq');
INSERT INTO cl_states VALUES (99, 4, 'Israel and Palestine');
INSERT INTO cl_states VALUES (100, 4, 'Japan');
INSERT INTO cl_states VALUES (101, 4, 'Korea');
INSERT INTO cl_states VALUES (102, 4, 'Kuwait');
INSERT INTO cl_states VALUES (103, 4, 'Lebanon');
INSERT INTO cl_states VALUES (104, 4, 'Malaysia');
INSERT INTO cl_states VALUES (105, 4, 'Pakistan');
INSERT INTO cl_states VALUES (106, 4, 'Philippines');
INSERT INTO cl_states VALUES (107, 4, 'Singapore');
INSERT INTO cl_states VALUES (108, 4, 'Taiwan');
INSERT INTO cl_states VALUES (109, 4, 'Thailand');
INSERT INTO cl_states VALUES (110, 4, 'United Arab Emirates');
INSERT INTO cl_states VALUES (111, 4, 'Vietnam');
INSERT INTO cl_states VALUES (112, 5, 'Australia');
INSERT INTO cl_states VALUES (113, 5, 'New Zealand');
INSERT INTO cl_states VALUES (114, 6, 'caribbean islands');
INSERT INTO cl_states VALUES (115, 6, 'Argentina');
INSERT INTO cl_states VALUES (116, 6, 'Bolivia');
INSERT INTO cl_states VALUES (117, 6, 'Brazil');
INSERT INTO cl_states VALUES (118, 6, 'Chile');
INSERT INTO cl_states VALUES (119, 6, 'Colombia');
INSERT INTO cl_states VALUES (120, 6, 'Costa Rica');
INSERT INTO cl_states VALUES (121, 6, 'Dominican Republic');
INSERT INTO cl_states VALUES (122, 6, 'Ecuador');
INSERT INTO cl_states VALUES (123, 6, 'El Salvador');
INSERT INTO cl_states VALUES (124, 6, 'Guatemala');
INSERT INTO cl_states VALUES (125, 6, 'Mexico');
INSERT INTO cl_states VALUES (126, 6, 'Nicaragua');
INSERT INTO cl_states VALUES (127, 6, 'Panama');
INSERT INTO cl_states VALUES (128, 6, 'Peru');
INSERT INTO cl_states VALUES (129, 6, 'Puerto Rico');
INSERT INTO cl_states VALUES (130, 6, 'Uruguay');
INSERT INTO cl_states VALUES (131, 6, 'Venezuela');
INSERT INTO cl_states VALUES (132, 6, 'Virgin Islands, U.S.');
INSERT INTO cl_states VALUES (133, 7, 'Egypt');
INSERT INTO cl_states VALUES (134, 7, 'Ethiopia');
INSERT INTO cl_states VALUES (135, 7, 'Ghana');
INSERT INTO cl_states VALUES (136, 7, 'Kenya');
INSERT INTO cl_states VALUES (137, 7, 'Morocco');
INSERT INTO cl_states VALUES (138, 7, 'South Africa');
INSERT INTO cl_states VALUES (139, 7, 'Tunisia');

INSERT INTO cl_cities VALUES (1, 1, 'auburn.craigslist.org', 'auburn');
INSERT INTO cl_cities VALUES (2, 1, 'bham.craigslist.org', 'birmingham');
INSERT INTO cl_cities VALUES (3, 1, 'dothan.craigslist.org', 'dothan');
INSERT INTO cl_cities VALUES (4, 1, 'shoals.craigslist.org', 'florence / muscle shoals');
INSERT INTO cl_cities VALUES (5, 1, 'gadsden.craigslist.org', 'gadsden-anniston');
INSERT INTO cl_cities VALUES (6, 1, 'huntsville.craigslist.org', 'huntsville / decatur');
INSERT INTO cl_cities VALUES (7, 1, 'mobile.craigslist.org', 'mobile');
INSERT INTO cl_cities VALUES (8, 1, 'montgomery.craigslist.org', 'montgomery');
INSERT INTO cl_cities VALUES (9, 1, 'tuscaloosa.craigslist.org', 'tuscaloosa');
INSERT INTO cl_cities VALUES (10, 2, 'anchorage.craigslist.org', 'anchorage / mat-su');
INSERT INTO cl_cities VALUES (11, 2, 'fairbanks.craigslist.org', 'fairbanks');
INSERT INTO cl_cities VALUES (12, 2, 'kenai.craigslist.org', 'kenai peninsula');
INSERT INTO cl_cities VALUES (13, 2, 'juneau.craigslist.org', 'southeast alaska');
INSERT INTO cl_cities VALUES (14, 3, 'flagstaff.craigslist.org', 'flagstaff / sedona');
INSERT INTO cl_cities VALUES (15, 3, 'mohave.craigslist.org', 'mohave county');
INSERT INTO cl_cities VALUES (16, 3, 'phoenix.craigslist.org', 'phoenix');
INSERT INTO cl_cities VALUES (17, 3, 'prescott.craigslist.org', 'prescott');
INSERT INTO cl_cities VALUES (18, 3, 'showlow.craigslist.org', 'show low');
INSERT INTO cl_cities VALUES (19, 3, 'sierravista.craigslist.org', 'sierra vista');
INSERT INTO cl_cities VALUES (20, 3, 'tucson.craigslist.org', 'tucson');
INSERT INTO cl_cities VALUES (21, 3, 'yuma.craigslist.org', 'yuma');
INSERT INTO cl_cities VALUES (22, 4, 'fayar.craigslist.org', 'fayetteville');
INSERT INTO cl_cities VALUES (23, 4, 'fortsmith.craigslist.org', 'fort smith');
INSERT INTO cl_cities VALUES (24, 4, 'jonesboro.craigslist.org', 'jonesboro');
INSERT INTO cl_cities VALUES (25, 4, 'littlerock.craigslist.org', 'little rock');
INSERT INTO cl_cities VALUES (26, 4, 'texarkana.craigslist.org', 'texarkana');
INSERT INTO cl_cities VALUES (27, 5, 'bakersfield.craigslist.org', 'bakersfield');
INSERT INTO cl_cities VALUES (28, 5, 'chico.craigslist.org', 'chico');
INSERT INTO cl_cities VALUES (29, 5, 'fresno.craigslist.org', 'fresno / madera');
INSERT INTO cl_cities VALUES (30, 5, 'goldcountry.craigslist.org', 'gold country');
INSERT INTO cl_cities VALUES (31, 5, 'hanford.craigslist.org', 'hanford-corcoran');
INSERT INTO cl_cities VALUES (32, 5, 'humboldt.craigslist.org', 'humboldt county');
INSERT INTO cl_cities VALUES (33, 5, 'imperial.craigslist.org', 'imperial county');
INSERT INTO cl_cities VALUES (34, 5, 'inlandempire.craigslist.org', 'inland empire');
INSERT INTO cl_cities VALUES (35, 5, 'losangeles.craigslist.org', 'los angeles');
INSERT INTO cl_cities VALUES (36, 5, 'mendocino.craigslist.org', 'mendocino county');
INSERT INTO cl_cities VALUES (37, 5, 'merced.craigslist.org', 'merced');
INSERT INTO cl_cities VALUES (38, 5, 'modesto.craigslist.org', 'modesto');
INSERT INTO cl_cities VALUES (39, 5, 'monterey.craigslist.org', 'monterey bay');
INSERT INTO cl_cities VALUES (40, 5, 'orangecounty.craigslist.org', 'orange county');
INSERT INTO cl_cities VALUES (41, 5, 'palmsprings.craigslist.org', 'palm springs');
INSERT INTO cl_cities VALUES (42, 5, 'redding.craigslist.org', 'redding');
INSERT INTO cl_cities VALUES (43, 5, 'sacramento.craigslist.org', 'sacramento');
INSERT INTO cl_cities VALUES (44, 5, 'sandiego.craigslist.org', 'san diego');
INSERT INTO cl_cities VALUES (45, 5, 'sfbay.craigslist.org', 'san francisco bay area');
INSERT INTO cl_cities VALUES (46, 5, 'slo.craigslist.org', 'san luis obispo');
INSERT INTO cl_cities VALUES (47, 5, 'santabarbara.craigslist.org', 'santa barbara');
INSERT INTO cl_cities VALUES (48, 5, 'santamaria.craigslist.org', 'santa maria');
INSERT INTO cl_cities VALUES (49, 5, 'siskiyou.craigslist.org', 'siskiyou county');
INSERT INTO cl_cities VALUES (50, 5, 'stockton.craigslist.org', 'stockton');
INSERT INTO cl_cities VALUES (51, 5, 'susanville.craigslist.org', 'susanville');
INSERT INTO cl_cities VALUES (52, 5, 'ventura.craigslist.org', 'ventura county');
INSERT INTO cl_cities VALUES (53, 5, 'visalia.craigslist.org', 'visalia-tulare');
INSERT INTO cl_cities VALUES (54, 5, 'yubasutter.craigslist.org', 'yuba-sutter');
INSERT INTO cl_cities VALUES (55, 6, 'boulder.craigslist.org', 'boulder');
INSERT INTO cl_cities VALUES (56, 6, 'cosprings.craigslist.org', 'colorado springs');
INSERT INTO cl_cities VALUES (57, 6, 'denver.craigslist.org', 'denver');
INSERT INTO cl_cities VALUES (58, 6, 'eastco.craigslist.org', 'eastern CO');
INSERT INTO cl_cities VALUES (59, 6, 'fortcollins.craigslist.org', 'fort collins / north CO');
INSERT INTO cl_cities VALUES (60, 6, 'rockies.craigslist.org', 'high rockies');
INSERT INTO cl_cities VALUES (61, 6, 'pueblo.craigslist.org', 'pueblo');
INSERT INTO cl_cities VALUES (62, 6, 'westslope.craigslist.org', 'western slope');
INSERT INTO cl_cities VALUES (63, 7, 'newlondon.craigslist.org', 'eastern CT');
INSERT INTO cl_cities VALUES (64, 7, 'hartford.craigslist.org', 'hartford');
INSERT INTO cl_cities VALUES (65, 7, 'newhaven.craigslist.org', 'new haven');
INSERT INTO cl_cities VALUES (66, 7, 'nwct.craigslist.org', 'northwest CT');
INSERT INTO cl_cities VALUES (67, 8, 'delaware.craigslist.org', 'delaware');
INSERT INTO cl_cities VALUES (68, 9, 'washingtondc.craigslist.org', 'washington');
INSERT INTO cl_cities VALUES (69, 10, 'daytona.craigslist.org', 'daytona beach');
INSERT INTO cl_cities VALUES (70, 10, 'keys.craigslist.org', 'florida keys');
INSERT INTO cl_cities VALUES (71, 10, 'fortlauderdale.craigslist.org', 'fort lauderdale');
INSERT INTO cl_cities VALUES (72, 10, 'fortmyers.craigslist.org', 'ft myers / SW florida');
INSERT INTO cl_cities VALUES (73, 10, 'gainesville.craigslist.org', 'gainesville');
INSERT INTO cl_cities VALUES (74, 10, 'cfl.craigslist.org', 'heartland florida');
INSERT INTO cl_cities VALUES (75, 10, 'jacksonville.craigslist.org', 'jacksonville');
INSERT INTO cl_cities VALUES (76, 10, 'lakeland.craigslist.org', 'lakeland');
INSERT INTO cl_cities VALUES (77, 10, 'lakecity.craigslist.org', 'north central FL');
INSERT INTO cl_cities VALUES (78, 10, 'ocala.craigslist.org', 'ocala');
INSERT INTO cl_cities VALUES (79, 10, 'okaloosa.craigslist.org', 'okaloosa / walton');
INSERT INTO cl_cities VALUES (80, 10, 'orlando.craigslist.org', 'orlando');
INSERT INTO cl_cities VALUES (81, 10, 'panamacity.craigslist.org', 'panama city');
INSERT INTO cl_cities VALUES (82, 10, 'pensacola.craigslist.org', 'pensacola');
INSERT INTO cl_cities VALUES (83, 10, 'sarasota.craigslist.org', 'sarasota-bradenton');
INSERT INTO cl_cities VALUES (84, 10, 'miami.craigslist.org', 'south florida');
INSERT INTO cl_cities VALUES (85, 10, 'spacecoast.craigslist.org', 'space coast');
INSERT INTO cl_cities VALUES (86, 10, 'staugustine.craigslist.org', 'st augustine');
INSERT INTO cl_cities VALUES (87, 10, 'tallahassee.craigslist.org', 'tallahassee');
INSERT INTO cl_cities VALUES (88, 10, 'tampa.craigslist.org', 'tampa bay area');
INSERT INTO cl_cities VALUES (89, 10, 'treasure.craigslist.org', 'treasure coast');
INSERT INTO cl_cities VALUES (90, 10, 'westpalmbeach.craigslist.org', 'west palm beach');
INSERT INTO cl_cities VALUES (91, 11, 'albanyga.craigslist.org', 'albany');
INSERT INTO cl_cities VALUES (92, 11, 'athensga.craigslist.org', 'athens');
INSERT INTO cl_cities VALUES (93, 11, 'atlanta.craigslist.org', 'atlanta');
INSERT INTO cl_cities VALUES (94, 11, 'augusta.craigslist.org', 'augusta');
INSERT INTO cl_cities VALUES (95, 11, 'brunswick.craigslist.org', 'brunswick');
INSERT INTO cl_cities VALUES (96, 11, 'columbusga.craigslist.org', 'columbus');
INSERT INTO cl_cities VALUES (97, 11, 'macon.craigslist.org', 'macon / warner robins');
INSERT INTO cl_cities VALUES (98, 11, 'nwga.craigslist.org', 'northwest GA');
INSERT INTO cl_cities VALUES (99, 11, 'savannah.craigslist.org', 'savannah / hinesville');
INSERT INTO cl_cities VALUES (100, 11, 'cl_statesboro.craigslist.org', 'cl_statesboro');
INSERT INTO cl_cities VALUES (101, 11, 'valdosta.craigslist.org', 'valdosta');
INSERT INTO cl_cities VALUES (102, 12, 'honolulu.craigslist.org', 'hawaii');
INSERT INTO cl_cities VALUES (103, 13, 'boise.craigslist.org', 'boise');
INSERT INTO cl_cities VALUES (104, 13, 'eastidaho.craigslist.org', 'east idaho');
INSERT INTO cl_cities VALUES (105, 13, 'lewiston.craigslist.org', 'lewiston / clarkston');
INSERT INTO cl_cities VALUES (106, 13, 'twinfalls.craigslist.org', 'twin falls');
INSERT INTO cl_cities VALUES (107, 14, 'bn.craigslist.org', 'bloomington-normal');
INSERT INTO cl_cities VALUES (108, 14, 'chambana.craigslist.org', 'champaign urbana');
INSERT INTO cl_cities VALUES (109, 14, 'chicago.craigslist.org', 'chicago');
INSERT INTO cl_cities VALUES (110, 14, 'decatur.craigslist.org', 'decatur');
INSERT INTO cl_cities VALUES (111, 14, 'lasalle.craigslist.org', 'la salle co');
INSERT INTO cl_cities VALUES (112, 14, 'mattoon.craigslist.org', 'mattoon-charleston');
INSERT INTO cl_cities VALUES (113, 14, 'peoria.craigslist.org', 'peoria');
INSERT INTO cl_cities VALUES (114, 14, 'rockford.craigslist.org', 'rockford');
INSERT INTO cl_cities VALUES (115, 14, 'carbondale.craigslist.org', 'southern illinois');
INSERT INTO cl_cities VALUES (116, 14, 'springfieldil.craigslist.org', 'springfield');
INSERT INTO cl_cities VALUES (117, 14, 'quincy.craigslist.org', 'western IL');
INSERT INTO cl_cities VALUES (118, 15, 'bloomington.craigslist.org', 'bloomington');
INSERT INTO cl_cities VALUES (119, 15, 'evansville.craigslist.org', 'evansville');
INSERT INTO cl_cities VALUES (120, 15, 'fortwayne.craigslist.org', 'fort wayne');
INSERT INTO cl_cities VALUES (121, 15, 'indianapolis.craigslist.org', 'indianapolis');
INSERT INTO cl_cities VALUES (122, 15, 'kokomo.craigslist.org', 'kokomo');
INSERT INTO cl_cities VALUES (123, 15, 'tippecanoe.craigslist.org', 'lafayette / west lafayette');
INSERT INTO cl_cities VALUES (124, 15, 'muncie.craigslist.org', 'muncie / anderson');
INSERT INTO cl_cities VALUES (125, 15, 'richmondin.craigslist.org', 'richmond');
INSERT INTO cl_cities VALUES (126, 15, 'southbend.craigslist.org', 'south bend / michiana');
INSERT INTO cl_cities VALUES (127, 15, 'terrehaute.craigslist.org', 'terre haute');
INSERT INTO cl_cities VALUES (128, 16, 'ames.craigslist.org', 'ames');
INSERT INTO cl_cities VALUES (129, 16, 'cedarrapids.craigslist.org', 'cedar rapids');
INSERT INTO cl_cities VALUES (130, 16, 'desmoines.craigslist.org', 'des moines');
INSERT INTO cl_cities VALUES (131, 16, 'dubuque.craigslist.org', 'dubuque');
INSERT INTO cl_cities VALUES (132, 16, 'fortdodge.craigslist.org', 'fort dodge');
INSERT INTO cl_cities VALUES (133, 16, 'iowacity.craigslist.org', 'iowa city');
INSERT INTO cl_cities VALUES (134, 16, 'masoncity.craigslist.org', 'mason city');
INSERT INTO cl_cities VALUES (135, 16, 'quadcities.craigslist.org', 'quad cities');
INSERT INTO cl_cities VALUES (136, 16, 'siouxcity.craigslist.org', 'sioux city');
INSERT INTO cl_cities VALUES (137, 16, 'ottumwa.craigslist.org', 'southeast IA');
INSERT INTO cl_cities VALUES (138, 16, 'waterloo.craigslist.org', 'waterloo / cedar falls');
INSERT INTO cl_cities VALUES (139, 17, 'lawrence.craigslist.org', 'lawrence');
INSERT INTO cl_cities VALUES (140, 17, 'ksu.craigslist.org', 'manhattan');
INSERT INTO cl_cities VALUES (141, 17, 'nwks.craigslist.org', 'northwest KS');
INSERT INTO cl_cities VALUES (142, 17, 'salina.craigslist.org', 'salina');
INSERT INTO cl_cities VALUES (143, 17, 'seks.craigslist.org', 'southeast KS');
INSERT INTO cl_cities VALUES (144, 17, 'swks.craigslist.org', 'southwest KS');
INSERT INTO cl_cities VALUES (145, 17, 'topeka.craigslist.org', 'topeka');
INSERT INTO cl_cities VALUES (146, 17, 'wichita.craigslist.org', 'wichita');
INSERT INTO cl_cities VALUES (147, 18, 'bgky.craigslist.org', 'bowling green');
INSERT INTO cl_cities VALUES (148, 18, 'eastky.craigslist.org', 'eastern kentucky');
INSERT INTO cl_cities VALUES (149, 18, 'lexington.craigslist.org', 'lexington');
INSERT INTO cl_cities VALUES (150, 18, 'louisville.craigslist.org', 'louisville');
INSERT INTO cl_cities VALUES (151, 18, 'owensboro.craigslist.org', 'owensboro');
INSERT INTO cl_cities VALUES (152, 18, 'westky.craigslist.org', 'western KY');
INSERT INTO cl_cities VALUES (153, 19, 'batonrouge.craigslist.org', 'baton rouge');
INSERT INTO cl_cities VALUES (154, 19, 'cenla.craigslist.org', 'central louisiana');
INSERT INTO cl_cities VALUES (155, 19, 'houma.craigslist.org', 'houma');
INSERT INTO cl_cities VALUES (156, 19, 'lafayette.craigslist.org', 'lafayette');
INSERT INTO cl_cities VALUES (157, 19, 'lakecharles.craigslist.org', 'lake charles');
INSERT INTO cl_cities VALUES (158, 19, 'monroe.craigslist.org', 'monroe');
INSERT INTO cl_cities VALUES (159, 19, 'neworleans.craigslist.org', 'new orleans');
INSERT INTO cl_cities VALUES (160, 19, 'shreveport.craigslist.org', 'shreveport');
INSERT INTO cl_cities VALUES (161, 20, 'maine.craigslist.org', 'maine');
INSERT INTO cl_cities VALUES (162, 21, 'annapolis.craigslist.org', 'annapolis');
INSERT INTO cl_cities VALUES (163, 21, 'baltimore.craigslist.org', 'baltimore');
INSERT INTO cl_cities VALUES (164, 21, 'easternshore.craigslist.org', 'eastern shore');
INSERT INTO cl_cities VALUES (165, 21, 'frederick.craigslist.org', 'frederick');
INSERT INTO cl_cities VALUES (166, 21, 'smd.craigslist.org', 'southern maryland');
INSERT INTO cl_cities VALUES (167, 21, 'westmd.craigslist.org', 'western maryland');
INSERT INTO cl_cities VALUES (168, 22, 'boston.craigslist.org', 'boston');
INSERT INTO cl_cities VALUES (169, 22, 'capecod.craigslist.org', 'cape cod / islands');
INSERT INTO cl_cities VALUES (170, 22, 'southcoast.craigslist.org', 'south coast');
INSERT INTO cl_cities VALUES (171, 22, 'westernmass.craigslist.org', 'western massachusetts');
INSERT INTO cl_cities VALUES (172, 22, 'worcester.craigslist.org', 'worcester / central MA');
INSERT INTO cl_cities VALUES (173, 23, 'annarbor.craigslist.org', 'ann arbor');
INSERT INTO cl_cities VALUES (174, 23, 'battlecreek.craigslist.org', 'battle creek');
INSERT INTO cl_cities VALUES (175, 23, 'centralmich.craigslist.org', 'central michigan');
INSERT INTO cl_cities VALUES (176, 23, 'detroit.craigslist.org', 'detroit metro');
INSERT INTO cl_cities VALUES (177, 23, 'flint.craigslist.org', 'flint');
INSERT INTO cl_cities VALUES (178, 23, 'grandrapids.craigslist.org', 'grand rapids');
INSERT INTO cl_cities VALUES (179, 23, 'holland.craigslist.org', 'holland');
INSERT INTO cl_cities VALUES (180, 23, 'jxn.craigslist.org', 'jackson');
INSERT INTO cl_cities VALUES (181, 23, 'kalamazoo.craigslist.org', 'kalamazoo');
INSERT INTO cl_cities VALUES (182, 23, 'lansing.craigslist.org', 'lansing');
INSERT INTO cl_cities VALUES (183, 23, 'monroemi.craigslist.org', 'monroe');
INSERT INTO cl_cities VALUES (184, 23, 'muskegon.craigslist.org', 'muskegon');
INSERT INTO cl_cities VALUES (185, 23, 'nmi.craigslist.org', 'northern michigan');
INSERT INTO cl_cities VALUES (186, 23, 'porthuron.craigslist.org', 'port huron');
INSERT INTO cl_cities VALUES (187, 23, 'saginaw.craigslist.org', 'saginaw-midland-baycity');
INSERT INTO cl_cities VALUES (188, 23, 'swmi.craigslist.org', 'southwest michigan');
INSERT INTO cl_cities VALUES (189, 23, 'thumb.craigslist.org', 'the thumb');
INSERT INTO cl_cities VALUES (190, 23, 'up.craigslist.org', 'upper peninsula');
INSERT INTO cl_cities VALUES (191, 24, 'bemidji.craigslist.org', 'bemidji');
INSERT INTO cl_cities VALUES (192, 24, 'brainerd.craigslist.org', 'brainerd');
INSERT INTO cl_cities VALUES (193, 24, 'duluth.craigslist.org', 'duluth / superior');
INSERT INTO cl_cities VALUES (194, 24, 'mankato.craigslist.org', 'mankato');
INSERT INTO cl_cities VALUES (195, 24, 'minneapolis.craigslist.org', 'minneapolis / st paul');
INSERT INTO cl_cities VALUES (196, 24, 'rmn.craigslist.org', 'rochester');
INSERT INTO cl_cities VALUES (197, 24, 'marshall.craigslist.org', 'southwest MN');
INSERT INTO cl_cities VALUES (198, 24, 'stcloud.craigslist.org', 'st cloud');
INSERT INTO cl_cities VALUES (199, 25, 'gulfport.craigslist.org', 'gulfport / biloxi');
INSERT INTO cl_cities VALUES (200, 25, 'hattiesburg.craigslist.org', 'hattiesburg');
INSERT INTO cl_cities VALUES (201, 25, 'jackson.craigslist.org', 'jackson');
INSERT INTO cl_cities VALUES (202, 25, 'meridian.craigslist.org', 'meridian');
INSERT INTO cl_cities VALUES (203, 25, 'northmiss.craigslist.org', 'north mississippi');
INSERT INTO cl_cities VALUES (204, 25, 'natchez.craigslist.org', 'southwest MS');
INSERT INTO cl_cities VALUES (205, 26, 'columbiamo.craigslist.org', 'columbia / jeff city');
INSERT INTO cl_cities VALUES (206, 26, 'joplin.craigslist.org', 'joplin');
INSERT INTO cl_cities VALUES (207, 26, 'kansascity.craigslist.org', 'kansas city');
INSERT INTO cl_cities VALUES (208, 26, 'kirksville.craigslist.org', 'kirksville');
INSERT INTO cl_cities VALUES (209, 26, 'loz.craigslist.org', 'lake of the ozarks');
INSERT INTO cl_cities VALUES (210, 26, 'semo.craigslist.org', 'southeast missouri');
INSERT INTO cl_cities VALUES (211, 26, 'springfield.craigslist.org', 'springfield');
INSERT INTO cl_cities VALUES (212, 26, 'stjoseph.craigslist.org', 'st joseph');
INSERT INTO cl_cities VALUES (213, 26, 'stlouis.craigslist.org', 'st louis');
INSERT INTO cl_cities VALUES (214, 27, 'billings.craigslist.org', 'billings');
INSERT INTO cl_cities VALUES (215, 27, 'bozeman.craigslist.org', 'bozeman');
INSERT INTO cl_cities VALUES (216, 27, 'butte.craigslist.org', 'butte');
INSERT INTO cl_cities VALUES (217, 27, 'greatfalls.craigslist.org', 'great falls');
INSERT INTO cl_cities VALUES (218, 27, 'helena.craigslist.org', 'helena');
INSERT INTO cl_cities VALUES (219, 27, 'kalispell.craigslist.org', 'kalispell');
INSERT INTO cl_cities VALUES (220, 27, 'missoula.craigslist.org', 'missoula');
INSERT INTO cl_cities VALUES (221, 27, 'montana.craigslist.org', 'montana (old)');
INSERT INTO cl_cities VALUES (222, 28, 'grandisland.craigslist.org', 'grand island');
INSERT INTO cl_cities VALUES (223, 28, 'lincoln.craigslist.org', 'lincoln');
INSERT INTO cl_cities VALUES (224, 28, 'northplatte.craigslist.org', 'north platte');
INSERT INTO cl_cities VALUES (225, 28, 'omaha.craigslist.org', 'omaha / council bluffs');
INSERT INTO cl_cities VALUES (226, 28, 'scottsbluff.craigslist.org', 'scottsbluff / panhandle');
INSERT INTO cl_cities VALUES (227, 29, 'elko.craigslist.org', 'elko');
INSERT INTO cl_cities VALUES (228, 29, 'lasvegas.craigslist.org', 'las vegas');
INSERT INTO cl_cities VALUES (229, 29, 'reno.craigslist.org', 'reno / tahoe');
INSERT INTO cl_cities VALUES (230, 30, 'nh.craigslist.org', 'new hampshire');
INSERT INTO cl_cities VALUES (231, 31, 'cnj.craigslist.org', 'central NJ');
INSERT INTO cl_cities VALUES (232, 31, 'jerseyshore.craigslist.org', 'jersey shore');
INSERT INTO cl_cities VALUES (233, 31, 'newjersey.craigslist.org', 'north jersey');
INSERT INTO cl_cities VALUES (234, 31, 'southjersey.craigslist.org', 'south jersey');
INSERT INTO cl_cities VALUES (235, 32, 'albuquerque.craigslist.org', 'albuquerque');
INSERT INTO cl_cities VALUES (236, 32, 'clovis.craigslist.org', 'clovis / portales');
INSERT INTO cl_cities VALUES (237, 32, 'farmington.craigslist.org', 'farmington');
INSERT INTO cl_cities VALUES (238, 32, 'lascruces.craigslist.org', 'las cruces');
INSERT INTO cl_cities VALUES (239, 32, 'roswell.craigslist.org', 'roswell / carlsbad');
INSERT INTO cl_cities VALUES (240, 32, 'santafe.craigslist.org', 'santa fe / taos');
INSERT INTO cl_cities VALUES (241, 33, 'albany.craigslist.org', 'albany');
INSERT INTO cl_cities VALUES (242, 33, 'binghamton.craigslist.org', 'binghamton');
INSERT INTO cl_cities VALUES (243, 33, 'buffalo.craigslist.org', 'buffalo');
INSERT INTO cl_cities VALUES (244, 33, 'catskills.craigslist.org', 'catskills');
INSERT INTO cl_cities VALUES (245, 33, 'chautauqua.craigslist.org', 'chautauqua');
INSERT INTO cl_cities VALUES (246, 33, 'elmira.craigslist.org', 'elmira-corning');
INSERT INTO cl_cities VALUES (247, 33, 'fingerlakes.craigslist.org', 'finger lakes');
INSERT INTO cl_cities VALUES (248, 33, 'glensfalls.craigslist.org', 'glens falls');
INSERT INTO cl_cities VALUES (249, 33, 'hudsonvalley.craigslist.org', 'hudson valley');
INSERT INTO cl_cities VALUES (250, 33, 'ithaca.craigslist.org', 'ithaca');
INSERT INTO cl_cities VALUES (251, 33, 'longisland.craigslist.org', 'long island');
INSERT INTO cl_cities VALUES (252, 33, 'newyork.craigslist.org', 'new york city');
INSERT INTO cl_cities VALUES (253, 33, 'oneonta.craigslist.org', 'oneonta');
INSERT INTO cl_cities VALUES (254, 33, 'plattsburgh.craigslist.org', 'plattsburgh-adirondacks');
INSERT INTO cl_cities VALUES (255, 33, 'potsdam.craigslist.org', 'potsdam-canton-massena');
INSERT INTO cl_cities VALUES (256, 33, 'rochester.craigslist.org', 'rochester');
INSERT INTO cl_cities VALUES (257, 33, 'syracuse.craigslist.org', 'syracuse');
INSERT INTO cl_cities VALUES (258, 33, 'twintiers.craigslist.org', 'twin tiers NY/PA');
INSERT INTO cl_cities VALUES (259, 33, 'utica.craigslist.org', 'utica-rome-oneida');
INSERT INTO cl_cities VALUES (260, 33, 'watertown.craigslist.org', 'watertown');
INSERT INTO cl_cities VALUES (261, 34, 'asheville.craigslist.org', 'asheville');
INSERT INTO cl_cities VALUES (262, 34, 'boone.craigslist.org', 'boone');
INSERT INTO cl_cities VALUES (263, 34, 'charlotte.craigslist.org', 'charlotte');
INSERT INTO cl_cities VALUES (264, 34, 'eastnc.craigslist.org', 'eastern NC');
INSERT INTO cl_cities VALUES (265, 34, 'fayetteville.craigslist.org', 'fayetteville');
INSERT INTO cl_cities VALUES (266, 34, 'greensboro.craigslist.org', 'greensboro');
INSERT INTO cl_cities VALUES (267, 34, 'hickory.craigslist.org', 'hickory / lenoir');
INSERT INTO cl_cities VALUES (268, 34, 'onslow.craigslist.org', 'jacksonville');
INSERT INTO cl_cities VALUES (269, 34, 'outerbanks.craigslist.org', 'outer banks');
INSERT INTO cl_cities VALUES (270, 34, 'raleigh.craigslist.org', 'raleigh / durham / CH');
INSERT INTO cl_cities VALUES (271, 34, 'wilmington.craigslist.org', 'wilmington');
INSERT INTO cl_cities VALUES (272, 34, 'winstonsalem.craigslist.org', 'winston-salem');
INSERT INTO cl_cities VALUES (273, 35, 'bismarck.craigslist.org', 'bismarck');
INSERT INTO cl_cities VALUES (274, 35, 'fargo.craigslist.org', 'fargo / moorhead');
INSERT INTO cl_cities VALUES (275, 35, 'grandforks.craigslist.org', 'grand forks');
INSERT INTO cl_cities VALUES (276, 35, 'nd.craigslist.org', 'north dakota');
INSERT INTO cl_cities VALUES (277, 36, 'akroncanton.craigslist.org', 'akron / canton');
INSERT INTO cl_cities VALUES (278, 36, 'ashtabula.craigslist.org', 'ashtabula');
INSERT INTO cl_cities VALUES (279, 36, 'athensohio.craigslist.org', 'athens');
INSERT INTO cl_cities VALUES (280, 36, 'chillicothe.craigslist.org', 'chillicothe');
INSERT INTO cl_cities VALUES (281, 36, 'cincinnati.craigslist.org', 'cincinnati');
INSERT INTO cl_cities VALUES (282, 36, 'cleveland.craigslist.org', 'cleveland');
INSERT INTO cl_cities VALUES (283, 36, 'columbus.craigslist.org', 'columbus');
INSERT INTO cl_cities VALUES (284, 36, 'dayton.craigslist.org', 'dayton / springfield');
INSERT INTO cl_cities VALUES (285, 36, 'limaohio.craigslist.org', 'lima / findlay');
INSERT INTO cl_cities VALUES (286, 36, 'mansfield.craigslist.org', 'mansfield');
INSERT INTO cl_cities VALUES (287, 36, 'sandusky.craigslist.org', 'sandusky');
INSERT INTO cl_cities VALUES (288, 36, 'toledo.craigslist.org', 'toledo');
INSERT INTO cl_cities VALUES (289, 36, 'tuscarawas.craigslist.org', 'tuscarawas co');
INSERT INTO cl_cities VALUES (290, 36, 'youngstown.craigslist.org', 'youngstown');
INSERT INTO cl_cities VALUES (291, 36, 'zanesville.craigslist.org', 'zanesville / cambridge');
INSERT INTO cl_cities VALUES (292, 37, 'lawton.craigslist.org', 'lawton');
INSERT INTO cl_cities VALUES (293, 37, 'enid.craigslist.org', 'northwest OK');
INSERT INTO cl_cities VALUES (294, 37, 'oklahomacity.craigslist.org', 'oklahoma city');
INSERT INTO cl_cities VALUES (295, 37, 'stillwater.craigslist.org', 'stillwater');
INSERT INTO cl_cities VALUES (296, 37, 'tulsa.craigslist.org', 'tulsa');
INSERT INTO cl_cities VALUES (297, 38, 'bend.craigslist.org', 'bend');
INSERT INTO cl_cities VALUES (298, 38, 'corvallis.craigslist.org', 'corvallis/albany');
INSERT INTO cl_cities VALUES (299, 38, 'eastoregon.craigslist.org', 'east oregon');
INSERT INTO cl_cities VALUES (300, 38, 'eugene.craigslist.org', 'eugene');
INSERT INTO cl_cities VALUES (301, 38, 'klamath.craigslist.org', 'klamath falls');
INSERT INTO cl_cities VALUES (302, 38, 'medford.craigslist.org', 'medford-ashland');
INSERT INTO cl_cities VALUES (303, 38, 'oregoncoast.craigslist.org', 'oregon coast');
INSERT INTO cl_cities VALUES (304, 38, 'portland.craigslist.org', 'portland');
INSERT INTO cl_cities VALUES (305, 38, 'roseburg.craigslist.org', 'roseburg');
INSERT INTO cl_cities VALUES (306, 38, 'salem.craigslist.org', 'salem');
INSERT INTO cl_cities VALUES (307, 39, 'altoona.craigslist.org', 'altoona-johnstown');
INSERT INTO cl_cities VALUES (308, 39, 'chambersburg.craigslist.org', 'cumberland valley');
INSERT INTO cl_cities VALUES (309, 39, 'erie.craigslist.org', 'erie');
INSERT INTO cl_cities VALUES (310, 39, 'harrisburg.craigslist.org', 'harrisburg');
INSERT INTO cl_cities VALUES (311, 39, 'lancaster.craigslist.org', 'lancaster');
INSERT INTO cl_cities VALUES (312, 39, 'allentown.craigslist.org', 'lehigh valley');
INSERT INTO cl_cities VALUES (313, 39, 'meadville.craigslist.org', 'meadville');
INSERT INTO cl_cities VALUES (314, 39, 'philadelphia.craigslist.org', 'philadelphia');
INSERT INTO cl_cities VALUES (315, 39, 'pittsburgh.craigslist.org', 'pittsburgh');
INSERT INTO cl_cities VALUES (316, 39, 'poconos.craigslist.org', 'poconos');
INSERT INTO cl_cities VALUES (317, 39, 'reading.craigslist.org', 'reading');
INSERT INTO cl_cities VALUES (318, 39, 'scranton.craigslist.org', 'scranton / wilkes-barre');
INSERT INTO cl_cities VALUES (319, 39, 'pennstate.craigslist.org', 'state college');
INSERT INTO cl_cities VALUES (320, 39, 'williamsport.craigslist.org', 'williamsport');
INSERT INTO cl_cities VALUES (321, 39, 'york.craigslist.org', 'york');
INSERT INTO cl_cities VALUES (322, 40, 'providence.craigslist.org', 'rhode island');
INSERT INTO cl_cities VALUES (323, 41, 'charleston.craigslist.org', 'charleston');
INSERT INTO cl_cities VALUES (324, 41, 'columbia.craigslist.org', 'columbia');
INSERT INTO cl_cities VALUES (325, 41, 'florencesc.craigslist.org', 'florence');
INSERT INTO cl_cities VALUES (326, 41, 'greenville.craigslist.org', 'greenville / upstate');
INSERT INTO cl_cities VALUES (327, 41, 'hiltonhead.craigslist.org', 'hilton head');
INSERT INTO cl_cities VALUES (328, 41, 'myrtlebeach.craigslist.org', 'myrtle beach');
INSERT INTO cl_cities VALUES (329, 42, 'nesd.craigslist.org', 'northeast SD');
INSERT INTO cl_cities VALUES (330, 42, 'csd.craigslist.org', 'pierre / central SD');
INSERT INTO cl_cities VALUES (331, 42, 'rapidcity.craigslist.org', 'rapid city / west SD');
INSERT INTO cl_cities VALUES (332, 42, 'siouxfalls.craigslist.org', 'sioux falls / SE SD');
INSERT INTO cl_cities VALUES (333, 42, 'sd.craigslist.org', 'south dakota');
INSERT INTO cl_cities VALUES (334, 43, 'chattanooga.craigslist.org', 'chattanooga');
INSERT INTO cl_cities VALUES (335, 43, 'clarksville.craigslist.org', 'clarksville');
INSERT INTO cl_cities VALUES (336, 43, 'cookeville.craigslist.org', 'cookeville');
INSERT INTO cl_cities VALUES (337, 43, 'jacksontn.craigslist.org', 'jackson');
INSERT INTO cl_cities VALUES (338, 43, 'knoxville.craigslist.org', 'knoxville');
INSERT INTO cl_cities VALUES (339, 43, 'memphis.craigslist.org', 'memphis');
INSERT INTO cl_cities VALUES (340, 43, 'nashville.craigslist.org', 'nashville');
INSERT INTO cl_cities VALUES (341, 43, 'tricities.craigslist.org', 'tri-cities');
INSERT INTO cl_cities VALUES (342, 44, 'abilene.craigslist.org', 'abilene');
INSERT INTO cl_cities VALUES (343, 44, 'amarillo.craigslist.org', 'amarillo');
INSERT INTO cl_cities VALUES (344, 44, 'austin.craigslist.org', 'austin');
INSERT INTO cl_cities VALUES (345, 44, 'beaumont.craigslist.org', 'beaumont / port arthur');
INSERT INTO cl_cities VALUES (346, 44, 'brownsville.craigslist.org', 'brownsville');
INSERT INTO cl_cities VALUES (347, 44, 'collegestation.craigslist.org', 'college station');
INSERT INTO cl_cities VALUES (348, 44, 'corpuschristi.craigslist.org', 'corpus christi');
INSERT INTO cl_cities VALUES (349, 44, 'dallas.craigslist.org', 'dallas / fort worth');
INSERT INTO cl_cities VALUES (350, 44, 'nacogdoches.craigslist.org', 'deep east texas');
INSERT INTO cl_cities VALUES (351, 44, 'delrio.craigslist.org', 'del rio / eagle pass');
INSERT INTO cl_cities VALUES (352, 44, 'elpaso.craigslist.org', 'el paso');
INSERT INTO cl_cities VALUES (353, 44, 'galveston.craigslist.org', 'galveston');
INSERT INTO cl_cities VALUES (354, 44, 'houston.craigslist.org', 'houston');
INSERT INTO cl_cities VALUES (355, 44, 'killeen.craigslist.org', 'killeen / temple / ft hood');
INSERT INTO cl_cities VALUES (356, 44, 'laredo.craigslist.org', 'laredo');
INSERT INTO cl_cities VALUES (357, 44, 'lubbock.craigslist.org', 'lubbock');
INSERT INTO cl_cities VALUES (358, 44, 'mcallen.craigslist.org', 'mcallen / edinburg');
INSERT INTO cl_cities VALUES (359, 44, 'odessa.craigslist.org', 'odessa / midland');
INSERT INTO cl_cities VALUES (360, 44, 'sanangelo.craigslist.org', 'san angelo');
INSERT INTO cl_cities VALUES (361, 44, 'sanantonio.craigslist.org', 'san antonio');
INSERT INTO cl_cities VALUES (362, 44, 'sanmarcos.craigslist.org', 'san marcos');
INSERT INTO cl_cities VALUES (363, 44, 'bigbend.craigslist.org', 'southwest TX');
INSERT INTO cl_cities VALUES (364, 44, 'texoma.craigslist.org', 'texoma');
INSERT INTO cl_cities VALUES (365, 44, 'easttexas.craigslist.org', 'tyler / east TX');
INSERT INTO cl_cities VALUES (366, 44, 'victoriatx.craigslist.org', 'victoria');
INSERT INTO cl_cities VALUES (367, 44, 'waco.craigslist.org', 'waco');
INSERT INTO cl_cities VALUES (368, 44, 'wichitafalls.craigslist.org', 'wichita falls');
INSERT INTO cl_cities VALUES (369, 45, 'logan.craigslist.org', 'logan');
INSERT INTO cl_cities VALUES (370, 45, 'ogden.craigslist.org', 'ogden-clearfield');
INSERT INTO cl_cities VALUES (371, 45, 'provo.craigslist.org', 'provo / orem');
INSERT INTO cl_cities VALUES (372, 45, 'saltlakecity.craigslist.org', 'salt lake city');
INSERT INTO cl_cities VALUES (373, 45, 'stgeorge.craigslist.org', 'st george');
INSERT INTO cl_cities VALUES (374, 46, 'burlington.craigslist.org', 'vermont');
INSERT INTO cl_cities VALUES (375, 47, 'charlottesville.craigslist.org', 'charlottesville');
INSERT INTO cl_cities VALUES (376, 47, 'danville.craigslist.org', 'danville');
INSERT INTO cl_cities VALUES (377, 47, 'fredericksburg.craigslist.org', 'fredericksburg');
INSERT INTO cl_cities VALUES (378, 47, 'norfolk.craigslist.org', 'hampton roads');
INSERT INTO cl_cities VALUES (379, 47, 'harrisonburg.craigslist.org', 'harrisonburg');
INSERT INTO cl_cities VALUES (380, 47, 'lynchburg.craigslist.org', 'lynchburg');
INSERT INTO cl_cities VALUES (381, 47, 'blacksburg.craigslist.org', 'new river valley');
INSERT INTO cl_cities VALUES (382, 47, 'richmond.craigslist.org', 'richmond');
INSERT INTO cl_cities VALUES (383, 47, 'roanoke.craigslist.org', 'roanoke');
INSERT INTO cl_cities VALUES (384, 47, 'swva.craigslist.org', 'southwest VA');
INSERT INTO cl_cities VALUES (385, 47, 'winchester.craigslist.org', 'winchester');
INSERT INTO cl_cities VALUES (386, 48, 'bellingham.craigslist.org', 'bellingham');
INSERT INTO cl_cities VALUES (387, 48, 'kpr.craigslist.org', 'kennewick-pasco-richland');
INSERT INTO cl_cities VALUES (388, 48, 'moseslake.craigslist.org', 'moses lake');
INSERT INTO cl_cities VALUES (389, 48, 'olympic.craigslist.org', 'olympic peninsula');
INSERT INTO cl_cities VALUES (390, 48, 'pullman.craigslist.org', 'pullman / moscow');
INSERT INTO cl_cities VALUES (391, 48, 'seattle.craigslist.org', 'seattle-tacoma');
INSERT INTO cl_cities VALUES (392, 48, 'skagit.craigslist.org', 'skagit / island / SJI');
INSERT INTO cl_cities VALUES (393, 48, 'spokane.craigslist.org', 'spokane / coeur d''alene');
INSERT INTO cl_cities VALUES (394, 48, 'wenatchee.craigslist.org', 'wenatchee');
INSERT INTO cl_cities VALUES (395, 48, 'yakima.craigslist.org', 'yakima');
INSERT INTO cl_cities VALUES (396, 49, 'charlestonwv.craigslist.org', 'charleston');
INSERT INTO cl_cities VALUES (397, 49, 'martinsburg.craigslist.org', 'eastern panhandle');
INSERT INTO cl_cities VALUES (398, 49, 'huntington.craigslist.org', 'huntington-ashland');
INSERT INTO cl_cities VALUES (399, 49, 'morgantown.craigslist.org', 'morgantown');
INSERT INTO cl_cities VALUES (400, 49, 'wheeling.craigslist.org', 'northern panhandle');
INSERT INTO cl_cities VALUES (401, 49, 'parkersburg.craigslist.org', 'parkersburg-marietta');
INSERT INTO cl_cities VALUES (402, 49, 'swv.craigslist.org', 'southern WV');
INSERT INTO cl_cities VALUES (403, 49, 'wv.craigslist.org', 'west virginia (old)');
INSERT INTO cl_cities VALUES (404, 50, 'appleton.craigslist.org', 'appleton-oshkosh-FDL');
INSERT INTO cl_cities VALUES (405, 50, 'eauclaire.craigslist.org', 'eau claire');
INSERT INTO cl_cities VALUES (406, 50, 'greenbay.craigslist.org', 'green bay');
INSERT INTO cl_cities VALUES (407, 50, 'janesville.craigslist.org', 'janesville');
INSERT INTO cl_cities VALUES (408, 50, 'racine.craigslist.org', 'kenosha-racine');
INSERT INTO cl_cities VALUES (409, 50, 'lacrosse.craigslist.org', 'la crosse');
INSERT INTO cl_cities VALUES (410, 50, 'madison.craigslist.org', 'madison');
INSERT INTO cl_cities VALUES (411, 50, 'milwaukee.craigslist.org', 'milwaukee');
INSERT INTO cl_cities VALUES (412, 50, 'northernwi.craigslist.org', 'northern WI');
INSERT INTO cl_cities VALUES (413, 50, 'sheboygan.craigslist.org', 'sheboygan');
INSERT INTO cl_cities VALUES (414, 50, 'wausau.craigslist.org', 'wausau');
INSERT INTO cl_cities VALUES (415, 51, 'wyoming.craigslist.org', 'wyoming');
INSERT INTO cl_cities VALUES (416, 52, 'micronesia.craigslist.org', 'guam-micronesia');
INSERT INTO cl_cities VALUES (417, 52, 'puertorico.craigslist.org', 'puerto rico');
INSERT INTO cl_cities VALUES (418, 52, 'virgin.craigslist.org', 'U.S. virgin islands');
INSERT INTO cl_cities VALUES (419, 53, 'calgary.craigslist.ca', 'calgary');
INSERT INTO cl_cities VALUES (420, 53, 'edmonton.craigslist.ca', 'edmonton');
INSERT INTO cl_cities VALUES (421, 53, 'ftmcmurray.craigslist.ca', 'ft mcmurray');
INSERT INTO cl_cities VALUES (422, 53, 'lethbridge.craigslist.ca', 'lethbridge');
INSERT INTO cl_cities VALUES (423, 53, 'hat.craigslist.ca', 'medicine hat');
INSERT INTO cl_cities VALUES (424, 53, 'peace.craigslist.ca', 'peace river country');
INSERT INTO cl_cities VALUES (425, 53, 'reddeer.craigslist.ca', 'red deer');
INSERT INTO cl_cities VALUES (426, 54, 'cariboo.craigslist.ca', 'cariboo');
INSERT INTO cl_cities VALUES (427, 54, 'comoxvalley.craigslist.ca', 'comox valley');
INSERT INTO cl_cities VALUES (428, 54, 'abbotsford.craigslist.ca', 'fraser valley');
INSERT INTO cl_cities VALUES (429, 54, 'kamloops.craigslist.ca', 'kamloops');
INSERT INTO cl_cities VALUES (430, 54, 'kelowna.craigslist.ca', 'kelowna / okanagan');
INSERT INTO cl_cities VALUES (431, 54, 'cranbrook.craigslist.ca', 'kootenays');
INSERT INTO cl_cities VALUES (432, 54, 'nanaimo.craigslist.ca', 'nanaimo');
INSERT INTO cl_cities VALUES (433, 54, 'princegeorge.craigslist.ca', 'prince george');
INSERT INTO cl_cities VALUES (434, 54, 'skeena.craigslist.ca', 'skeena-bulkley');
INSERT INTO cl_cities VALUES (435, 54, 'sunshine.craigslist.ca', 'sunshine coast');
INSERT INTO cl_cities VALUES (436, 54, 'vancouver.craigslist.ca', 'vancouver');
INSERT INTO cl_cities VALUES (437, 54, 'victoria.craigslist.ca', 'victoria');
INSERT INTO cl_cities VALUES (438, 54, 'whistler.craigslist.ca', 'whistler');
INSERT INTO cl_cities VALUES (439, 55, 'winnipeg.craigslist.ca', 'winnipeg');
INSERT INTO cl_cities VALUES (440, 56, 'newbrunswick.craigslist.ca', 'new brunswick');
INSERT INTO cl_cities VALUES (441, 57, 'newfoundland.craigslist.ca', 'st john''s');
INSERT INTO cl_cities VALUES (442, 58, 'territories.craigslist.ca', 'territories');
INSERT INTO cl_cities VALUES (443, 58, 'yellowknife.craigslist.ca', 'yellowknife');
INSERT INTO cl_cities VALUES (444, 59, 'halifax.craigslist.ca', 'halifax');
INSERT INTO cl_cities VALUES (445, 60, 'barrie.craigslist.ca', 'barrie');
INSERT INTO cl_cities VALUES (446, 60, 'belleville.craigslist.ca', 'belleville');
INSERT INTO cl_cities VALUES (447, 60, 'brantford.craigslist.ca', 'brantford-woodstock');
INSERT INTO cl_cities VALUES (448, 60, 'chatham.craigslist.ca', 'chatham-kent');
INSERT INTO cl_cities VALUES (449, 60, 'cornwall.craigslist.ca', 'cornwall');
INSERT INTO cl_cities VALUES (450, 60, 'guelph.craigslist.ca', 'guelph');
INSERT INTO cl_cities VALUES (451, 60, 'hamilton.craigslist.ca', 'hamilton-burlington');
INSERT INTO cl_cities VALUES (452, 60, 'kingston.craigslist.ca', 'kingston');
INSERT INTO cl_cities VALUES (453, 60, 'kitchener.craigslist.ca', 'kitchener-waterloo-cambridge');
INSERT INTO cl_cities VALUES (454, 60, 'londonon.craigslist.ca', 'london');
INSERT INTO cl_cities VALUES (455, 60, 'niagara.craigslist.ca', 'niagara region');
INSERT INTO cl_cities VALUES (456, 60, 'ottawa.craigslist.ca', 'ottawa-hull-gatineau');
INSERT INTO cl_cities VALUES (457, 60, 'owensound.craigslist.ca', 'owen sound');
INSERT INTO cl_cities VALUES (458, 60, 'peterborough.craigslist.ca', 'peterborough');
INSERT INTO cl_cities VALUES (459, 60, 'sarnia.craigslist.ca', 'sarnia');
INSERT INTO cl_cities VALUES (460, 60, 'soo.craigslist.ca', 'sault ste marie');
INSERT INTO cl_cities VALUES (461, 60, 'sudbury.craigslist.ca', 'sudbury');
INSERT INTO cl_cities VALUES (462, 60, 'thunderbay.craigslist.ca', 'thunder bay');
INSERT INTO cl_cities VALUES (463, 60, 'toronto.craigslist.ca', 'toronto');
INSERT INTO cl_cities VALUES (464, 60, 'windsor.craigslist.ca', 'windsor');
INSERT INTO cl_cities VALUES (465, 61, 'pei.craigslist.ca', 'prince edward island');
INSERT INTO cl_cities VALUES (466, 62, 'montreal.craigslist.ca', 'montreal');
INSERT INTO cl_cities VALUES (467, 62, 'quebec.craigslist.ca', 'quebec city');
INSERT INTO cl_cities VALUES (468, 62, 'saguenay.craigslist.ca', 'saguenay');
INSERT INTO cl_cities VALUES (469, 62, 'sherbrooke.craigslist.ca', 'sherbrooke');
INSERT INTO cl_cities VALUES (470, 62, 'troisrivieres.craigslist.ca', 'trois-rivieres');
INSERT INTO cl_cities VALUES (471, 63, 'regina.craigslist.ca', 'regina');
INSERT INTO cl_cities VALUES (472, 63, 'saskatoon.craigslist.ca', 'saskatoon');
INSERT INTO cl_cities VALUES (473, 64, 'whitehorse.craigslist.ca', 'whitehorse');
INSERT INTO cl_cities VALUES (474, 65, 'vienna.craigslist.at', 'vienna');
INSERT INTO cl_cities VALUES (475, 66, 'brussels.craigslist.org', 'belgium');
INSERT INTO cl_cities VALUES (476, 67, 'bulgaria.craigslist.org', 'bulgaria');
INSERT INTO cl_cities VALUES (477, 68, 'zagreb.craigslist.org', 'croatia');
INSERT INTO cl_cities VALUES (478, 69, 'prague.craigslist.cz', 'prague');
INSERT INTO cl_cities VALUES (479, 70, 'copenhagen.craigslist.org', 'copenhagen');
INSERT INTO cl_cities VALUES (480, 71, 'helsinki.craigslist.fi', 'finland');
INSERT INTO cl_cities VALUES (481, 72, 'bordeaux.craigslist.org', 'bordeaux');
INSERT INTO cl_cities VALUES (482, 72, 'rennes.craigslist.org', 'brittany');
INSERT INTO cl_cities VALUES (483, 72, 'grenoble.craigslist.org', 'grenoble');
INSERT INTO cl_cities VALUES (484, 72, 'lille.craigslist.org', 'lille');
INSERT INTO cl_cities VALUES (485, 72, 'loire.craigslist.org', 'loire valley');
INSERT INTO cl_cities VALUES (486, 72, 'lyon.craigslist.org', 'lyon');
INSERT INTO cl_cities VALUES (487, 72, 'marseilles.craigslist.org', 'marseille');
INSERT INTO cl_cities VALUES (488, 72, 'montpellier.craigslist.org', 'montpellier');
INSERT INTO cl_cities VALUES (489, 72, 'cotedazur.craigslist.org', 'nice / cote d''azur');
INSERT INTO cl_cities VALUES (490, 72, 'rouen.craigslist.org', 'normandy');
INSERT INTO cl_cities VALUES (491, 72, 'paris.craigslist.org', 'paris');
INSERT INTO cl_cities VALUES (492, 72, 'strasbourg.craigslist.org', 'strasbourg');
INSERT INTO cl_cities VALUES (493, 72, 'toulouse.craigslist.org', 'toulouse');
INSERT INTO cl_cities VALUES (494, 73, 'berlin.craigslist.de', 'berlin');
INSERT INTO cl_cities VALUES (495, 73, 'bremen.craigslist.de', 'bremen');
INSERT INTO cl_cities VALUES (496, 73, 'cologne.craigslist.de', 'cologne');
INSERT INTO cl_cities VALUES (497, 73, 'dresden.craigslist.de', 'dresden');
INSERT INTO cl_cities VALUES (498, 73, 'dusseldorf.craigslist.de', 'dusseldorf');
INSERT INTO cl_cities VALUES (499, 73, 'essen.craigslist.de', 'essen / ruhr');
INSERT INTO cl_cities VALUES (500, 73, 'frankfurt.craigslist.de', 'frankfurt');
INSERT INTO cl_cities VALUES (501, 73, 'hamburg.craigslist.de', 'hamburg');
INSERT INTO cl_cities VALUES (502, 73, 'hannover.craigslist.de', 'hannover');
INSERT INTO cl_cities VALUES (503, 73, 'heidelberg.craigslist.de', 'heidelberg');
INSERT INTO cl_cities VALUES (504, 73, 'kaiserslautern.craigslist.de', 'kaiserslautern');
INSERT INTO cl_cities VALUES (505, 73, 'leipzig.craigslist.de', 'leipzig');
INSERT INTO cl_cities VALUES (506, 73, 'munich.craigslist.de', 'munich');
INSERT INTO cl_cities VALUES (507, 73, 'nuremberg.craigslist.de', 'nuremberg');
INSERT INTO cl_cities VALUES (508, 73, 'stuttgart.craigslist.de', 'stuttgart');
INSERT INTO cl_cities VALUES (509, 74, 'athens.craigslist.gr', 'greece');
INSERT INTO cl_cities VALUES (510, 75, 'budapest.craigslist.org', 'budapest');
INSERT INTO cl_cities VALUES (511, 76, 'reykjavik.craigslist.org', 'reykjavik');
INSERT INTO cl_cities VALUES (512, 77, 'dublin.craigslist.org', 'dublin');
INSERT INTO cl_cities VALUES (513, 78, 'bologna.craigslist.it', 'bologna');
INSERT INTO cl_cities VALUES (514, 78, 'florence.craigslist.it', 'florence / tuscany');
INSERT INTO cl_cities VALUES (515, 78, 'genoa.craigslist.it', 'genoa');
INSERT INTO cl_cities VALUES (516, 78, 'milan.craigslist.it', 'milan');
INSERT INTO cl_cities VALUES (517, 78, 'naples.craigslist.it', 'napoli / campania');
INSERT INTO cl_cities VALUES (518, 78, 'perugia.craigslist.it', 'perugia');
INSERT INTO cl_cities VALUES (519, 78, 'rome.craigslist.it', 'rome');
INSERT INTO cl_cities VALUES (520, 78, 'sardinia.craigslist.it', 'sardinia');
INSERT INTO cl_cities VALUES (521, 78, 'sicily.craigslist.it', 'sicilia');
INSERT INTO cl_cities VALUES (522, 78, 'torino.craigslist.it', 'torino');
INSERT INTO cl_cities VALUES (523, 78, 'venice.craigslist.it', 'venice / veneto');
INSERT INTO cl_cities VALUES (524, 79, 'luxembourg.craigslist.org', 'luxembourg');
INSERT INTO cl_cities VALUES (525, 80, 'amsterdam.craigslist.org', 'amsterdam / randstad');
INSERT INTO cl_cities VALUES (526, 81, 'oslo.craigslist.org', 'norway');
INSERT INTO cl_cities VALUES (527, 82, 'warsaw.craigslist.pl', 'poland');
INSERT INTO cl_cities VALUES (528, 83, 'faro.craigslist.pt', 'faro / algarve');
INSERT INTO cl_cities VALUES (529, 83, 'lisbon.craigslist.pt', 'lisbon');
INSERT INTO cl_cities VALUES (530, 83, 'porto.craigslist.pt', 'porto');
INSERT INTO cl_cities VALUES (531, 84, 'bucharest.craigslist.org', 'romania');
INSERT INTO cl_cities VALUES (532, 85, 'moscow.craigslist.org', 'moscow');
INSERT INTO cl_cities VALUES (533, 85, 'stpetersburg.craigslist.org', 'st petersburg');
INSERT INTO cl_cities VALUES (534, 86, 'alicante.craigslist.es', 'alicante');
INSERT INTO cl_cities VALUES (535, 86, 'baleares.craigslist.es', 'baleares');
INSERT INTO cl_cities VALUES (536, 86, 'barcelona.craigslist.es', 'barcelona');
INSERT INTO cl_cities VALUES (537, 86, 'bilbao.craigslist.es', 'bilbao');
INSERT INTO cl_cities VALUES (538, 86, 'cadiz.craigslist.es', 'cadiz');
INSERT INTO cl_cities VALUES (539, 86, 'canarias.craigslist.es', 'canarias');
INSERT INTO cl_cities VALUES (540, 86, 'granada.craigslist.es', 'granada');
INSERT INTO cl_cities VALUES (541, 86, 'madrid.craigslist.es', 'madrid');
INSERT INTO cl_cities VALUES (542, 86, 'malaga.craigslist.es', 'malaga');
INSERT INTO cl_cities VALUES (543, 86, 'sevilla.craigslist.es', 'sevilla');
INSERT INTO cl_cities VALUES (544, 86, 'valencia.craigslist.es', 'valencia');
INSERT INTO cl_cities VALUES (545, 87, 'stockholm.craigslist.se', 'sweden');
INSERT INTO cl_cities VALUES (546, 88, 'basel.craigslist.ch', 'basel');
INSERT INTO cl_cities VALUES (547, 88, 'bern.craigslist.ch', 'bern');
INSERT INTO cl_cities VALUES (548, 88, 'geneva.craigslist.ch', 'geneva');
INSERT INTO cl_cities VALUES (549, 88, 'lausanne.craigslist.ch', 'lausanne');
INSERT INTO cl_cities VALUES (550, 88, 'zurich.craigslist.ch', 'zurich');
INSERT INTO cl_cities VALUES (551, 89, 'istanbul.craigslist.com.tr', 'turkey');
INSERT INTO cl_cities VALUES (552, 90, 'ukraine.craigslist.org', 'ukraine');
INSERT INTO cl_cities VALUES (553, 91, 'aberdeen.craigslist.co.uk', 'aberdeen');
INSERT INTO cl_cities VALUES (554, 91, 'bath.craigslist.co.uk', 'bath');
INSERT INTO cl_cities VALUES (555, 91, 'belfast.craigslist.co.uk', 'belfast');
INSERT INTO cl_cities VALUES (556, 91, 'birmingham.craigslist.co.uk', 'birmingham / west mids');
INSERT INTO cl_cities VALUES (557, 91, 'brighton.craigslist.co.uk', 'brighton');
INSERT INTO cl_cities VALUES (558, 91, 'bristol.craigslist.co.uk', 'bristol');
INSERT INTO cl_cities VALUES (559, 91, 'cambridge.craigslist.co.uk', 'cambridge, UK');
INSERT INTO cl_cities VALUES (560, 91, 'cardiff.craigslist.co.uk', 'cardiff / wales');
INSERT INTO cl_cities VALUES (561, 91, 'coventry.craigslist.co.uk', 'coventry');
INSERT INTO cl_cities VALUES (562, 91, 'derby.craigslist.co.uk', 'derby');
INSERT INTO cl_cities VALUES (563, 91, 'devon.craigslist.co.uk', 'devon & cornwall');
INSERT INTO cl_cities VALUES (564, 91, 'dundee.craigslist.co.uk', 'dundee');
INSERT INTO cl_cities VALUES (565, 91, 'norwich.craigslist.co.uk', 'east anglia');
INSERT INTO cl_cities VALUES (566, 91, 'eastmids.craigslist.co.uk', 'east midlands');
INSERT INTO cl_cities VALUES (567, 91, 'edinburgh.craigslist.co.uk', 'edinburgh');
INSERT INTO cl_cities VALUES (568, 91, 'essex.craigslist.co.uk', 'essex');
INSERT INTO cl_cities VALUES (569, 91, 'glasgow.craigslist.co.uk', 'glasgow');
INSERT INTO cl_cities VALUES (570, 91, 'hampshire.craigslist.co.uk', 'hampshire');
INSERT INTO cl_cities VALUES (571, 91, 'kent.craigslist.co.uk', 'kent');
INSERT INTO cl_cities VALUES (572, 91, 'leeds.craigslist.co.uk', 'leeds');
INSERT INTO cl_cities VALUES (573, 91, 'liverpool.craigslist.co.uk', 'liverpool');
INSERT INTO cl_cities VALUES (574, 91, 'london.craigslist.co.uk', 'london');
INSERT INTO cl_cities VALUES (575, 91, 'manchester.craigslist.co.uk', 'manchester');
INSERT INTO cl_cities VALUES (576, 91, 'newcastle.craigslist.co.uk', 'newcastle / NE england');
INSERT INTO cl_cities VALUES (577, 91, 'nottingham.craigslist.co.uk', 'nottingham');
INSERT INTO cl_cities VALUES (578, 91, 'oxford.craigslist.co.uk', 'oxford');
INSERT INTO cl_cities VALUES (579, 91, 'sheffield.craigslist.co.uk', 'sheffield');
INSERT INTO cl_cities VALUES (580, 92, 'bangladesh.craigslist.org', 'bangladesh');
INSERT INTO cl_cities VALUES (581, 93, 'beijing.craigslist.com.cn', 'beijing');
INSERT INTO cl_cities VALUES (582, 93, 'chengdu.craigslist.com.cn', 'chengdu');
INSERT INTO cl_cities VALUES (583, 93, 'chongqing.craigslist.com.cn', 'chongqing');
INSERT INTO cl_cities VALUES (584, 93, 'dalian.craigslist.com.cn', 'dalian');
INSERT INTO cl_cities VALUES (585, 93, 'guangzhou.craigslist.com.cn', 'guangzhou');
INSERT INTO cl_cities VALUES (586, 93, 'hangzhou.craigslist.com.cn', 'hangzhou');
INSERT INTO cl_cities VALUES (587, 93, 'nanjing.craigslist.com.cn', 'nanjing');
INSERT INTO cl_cities VALUES (588, 93, 'shanghai.craigslist.com.cn', 'shanghai');
INSERT INTO cl_cities VALUES (589, 93, 'shenyang.craigslist.com.cn', 'shenyang');
INSERT INTO cl_cities VALUES (590, 93, 'shenzhen.craigslist.com.cn', 'shenzhen');
INSERT INTO cl_cities VALUES (591, 93, 'wuhan.craigslist.com.cn', 'wuhan');
INSERT INTO cl_cities VALUES (592, 93, 'xian.craigslist.com.cn', 'xi''an');
INSERT INTO cl_cities VALUES (593, 94, 'hongkong.craigslist.hk', 'hong kong');
INSERT INTO cl_cities VALUES (594, 95, 'ahmedabad.craigslist.co.in', 'ahmedabad');
INSERT INTO cl_cities VALUES (595, 95, 'bangalore.craigslist.co.in', 'bangalore');
INSERT INTO cl_cities VALUES (596, 95, 'bhubaneswar.craigslist.co.in', 'bhubaneswar');
INSERT INTO cl_cities VALUES (597, 95, 'chandigarh.craigslist.co.in', 'chandigarh');
INSERT INTO cl_cities VALUES (598, 95, 'chennai.craigslist.co.in', 'chennai (madras)');
INSERT INTO cl_cities VALUES (599, 95, 'delhi.craigslist.co.in', 'delhi');
INSERT INTO cl_cities VALUES (600, 95, 'goa.craigslist.co.in', 'goa');
INSERT INTO cl_cities VALUES (601, 95, 'hyderabad.craigslist.co.in', 'hyderabad');
INSERT INTO cl_cities VALUES (602, 95, 'indore.craigslist.co.in', 'indore');
INSERT INTO cl_cities VALUES (603, 95, 'jaipur.craigslist.co.in', 'jaipur');
INSERT INTO cl_cities VALUES (604, 95, 'kerala.craigslist.co.in', 'kerala');
INSERT INTO cl_cities VALUES (605, 95, 'kolkata.craigslist.co.in', 'kolkata (calcutta)');
INSERT INTO cl_cities VALUES (606, 95, 'lucknow.craigslist.co.in', 'lucknow');
INSERT INTO cl_cities VALUES (607, 95, 'mumbai.craigslist.co.in', 'mumbai');
INSERT INTO cl_cities VALUES (608, 95, 'pune.craigslist.co.in', 'pune');
INSERT INTO cl_cities VALUES (609, 95, 'surat.craigslist.co.in', 'surat surat');
INSERT INTO cl_cities VALUES (610, 96, 'jakarta.craigslist.org', 'indonesia');
INSERT INTO cl_cities VALUES (611, 97, 'tehran.craigslist.org', 'iran');
INSERT INTO cl_cities VALUES (612, 98, 'baghdad.craigslist.org', 'iraq');
INSERT INTO cl_cities VALUES (613, 99, 'haifa.craigslist.org', 'haifa');
INSERT INTO cl_cities VALUES (614, 99, 'jerusalem.craigslist.org', 'jerusalem');
INSERT INTO cl_cities VALUES (615, 99, 'telaviv.craigslist.org', 'tel aviv');
INSERT INTO cl_cities VALUES (616, 99, 'ramallah.craigslist.org', 'west bank');
INSERT INTO cl_cities VALUES (617, 100, 'fukuoka.craigslist.jp', 'fukuoka');
INSERT INTO cl_cities VALUES (618, 100, 'hiroshima.craigslist.jp', 'hiroshima');
INSERT INTO cl_cities VALUES (619, 100, 'nagoya.craigslist.jp', 'nagoya');
INSERT INTO cl_cities VALUES (620, 100, 'okinawa.craigslist.jp', 'okinawa');
INSERT INTO cl_cities VALUES (621, 100, 'osaka.craigslist.jp', 'osaka-kobe-kyoto');
INSERT INTO cl_cities VALUES (622, 100, 'sapporo.craigslist.jp', 'sapporo');
INSERT INTO cl_cities VALUES (623, 100, 'sendai.craigslist.jp', 'sendai');
INSERT INTO cl_cities VALUES (624, 100, 'tokyo.craigslist.jp', 'tokyo');
INSERT INTO cl_cities VALUES (625, 101, 'seoul.craigslist.co.kr', 'seoul');
INSERT INTO cl_cities VALUES (626, 102, 'kuwait.craigslist.org', 'kuwait');
INSERT INTO cl_cities VALUES (627, 103, 'beirut.craigslist.org', 'beirut, lebanon');
INSERT INTO cl_cities VALUES (628, 104, 'malaysia.craigslist.org', 'malaysia');
INSERT INTO cl_cities VALUES (629, 105, 'pakistan.craigslist.org', 'pakistan');
INSERT INTO cl_cities VALUES (630, 106, 'bacolod.craigslist.com.ph', 'bacolod');
INSERT INTO cl_cities VALUES (631, 106, 'naga.craigslist.com.ph', 'bicol region');
INSERT INTO cl_cities VALUES (632, 106, 'cdo.craigslist.com.ph', 'cagayan de oro');
INSERT INTO cl_cities VALUES (633, 106, 'cebu.craigslist.com.ph', 'cebu');
INSERT INTO cl_cities VALUES (634, 106, 'davaocity.craigslist.com.ph', 'davao city');
INSERT INTO cl_cities VALUES (635, 106, 'iloilo.craigslist.com.ph', 'iloilo');
INSERT INTO cl_cities VALUES (636, 106, 'manila.craigslist.com.ph', 'manila');
INSERT INTO cl_cities VALUES (637, 106, 'pampanga.craigslist.com.ph', 'pampanga');
INSERT INTO cl_cities VALUES (638, 106, 'zamboanga.craigslist.com.ph', 'zamboanga');
INSERT INTO cl_cities VALUES (639, 107, 'singapore.craigslist.com.sg', 'singapore');
INSERT INTO cl_cities VALUES (640, 108, 'taipei.craigslist.com.tw', 'taiwan');
INSERT INTO cl_cities VALUES (641, 109, 'bangkok.craigslist.co.th', 'thailand');
INSERT INTO cl_cities VALUES (642, 110, 'dubai.craigslist.org', 'united arab emirates');
INSERT INTO cl_cities VALUES (643, 111, 'vietnam.craigslist.org', 'vietnam');
INSERT INTO cl_cities VALUES (644, 112, 'adelaide.craigslist.com.au', 'adelaide');
INSERT INTO cl_cities VALUES (645, 112, 'brisbane.craigslist.com.au', 'brisbane');
INSERT INTO cl_cities VALUES (646, 112, 'cairns.craigslist.com.au', 'cairns');
INSERT INTO cl_cities VALUES (647, 112, 'canberra.craigslist.com.au', 'canberra');
INSERT INTO cl_cities VALUES (648, 112, 'darwin.craigslist.com.au', 'darwin');
INSERT INTO cl_cities VALUES (649, 112, 'goldcoast.craigslist.com.au', 'gold coast');
INSERT INTO cl_cities VALUES (650, 112, 'melbourne.craigslist.com.au', 'melbourne');
INSERT INTO cl_cities VALUES (651, 112, 'ntl.craigslist.com.au', 'newcastle, NSW');
INSERT INTO cl_cities VALUES (652, 112, 'perth.craigslist.com.au', 'perth');
INSERT INTO cl_cities VALUES (653, 112, 'sydney.craigslist.com.au', 'sydney');
INSERT INTO cl_cities VALUES (654, 112, 'hobart.craigslist.com.au', 'tasmania');
INSERT INTO cl_cities VALUES (655, 112, 'wollongong.craigslist.com.au', 'wollongong');
INSERT INTO cl_cities VALUES (656, 113, 'auckland.craigslist.org', 'auckland');
INSERT INTO cl_cities VALUES (657, 113, 'christchurch.craigslist.org', 'christchurch');
INSERT INTO cl_cities VALUES (658, 113, 'dunedin.craigslist.co.nz', 'dunedin');
INSERT INTO cl_cities VALUES (659, 113, 'wellington.craigslist.org', 'wellington');
INSERT INTO cl_cities VALUES (660, 114, 'caribbean.craigslist.org', 'caribbean islands');
INSERT INTO cl_cities VALUES (661, 115, 'buenosaires.craigslist.org', 'buenos aires');
INSERT INTO cl_cities VALUES (662, 116, 'lapaz.craigslist.org', 'bolivia');
INSERT INTO cl_cities VALUES (663, 117, 'belohorizonte.craigslist.org', 'belo horizonte');
INSERT INTO cl_cities VALUES (664, 117, 'brasilia.craigslist.org', 'brasilia');
INSERT INTO cl_cities VALUES (665, 117, 'curitiba.craigslist.org', 'curitiba');
INSERT INTO cl_cities VALUES (666, 117, 'fortaleza.craigslist.org', 'fortaleza');
INSERT INTO cl_cities VALUES (667, 117, 'portoalegre.craigslist.org', 'porto alegre');
INSERT INTO cl_cities VALUES (668, 117, 'recife.craigslist.org', 'recife');
INSERT INTO cl_cities VALUES (669, 117, 'rio.craigslist.org', 'rio de janeiro');
INSERT INTO cl_cities VALUES (670, 117, 'salvador.craigslist.org', 'salvador, bahia');
INSERT INTO cl_cities VALUES (671, 117, 'saopaulo.craigslist.org', 'sao paulo');
INSERT INTO cl_cities VALUES (672, 118, 'santiago.craigslist.org', 'chile');
INSERT INTO cl_cities VALUES (673, 119, 'colombia.craigslist.org', 'colombia');
INSERT INTO cl_cities VALUES (674, 120, 'costarica.craigslist.org', 'costa rica');
INSERT INTO cl_cities VALUES (675, 121, 'santodomingo.craigslist.org', 'dominican republic');
INSERT INTO cl_cities VALUES (676, 122, 'quito.craigslist.org', 'ecuador');
INSERT INTO cl_cities VALUES (677, 123, 'elsalvador.craigslist.org', 'el salvador');
INSERT INTO cl_cities VALUES (678, 124, 'guatemala.craigslist.org', 'guatemala');
INSERT INTO cl_cities VALUES (679, 125, 'acapulco.craigslist.com.mx', 'acapulco');
INSERT INTO cl_cities VALUES (680, 125, 'bajasur.craigslist.com.mx', 'baja california sur');
INSERT INTO cl_cities VALUES (681, 125, 'chihuahua.craigslist.com.mx', 'chihuahua');
INSERT INTO cl_cities VALUES (682, 125, 'juarez.craigslist.com.mx', 'ciudad juarez');
INSERT INTO cl_cities VALUES (683, 125, 'guadalajara.craigslist.com.mx', 'guadalajara');
INSERT INTO cl_cities VALUES (684, 125, 'guanajuato.craigslist.com.mx', 'guanajuato');
INSERT INTO cl_cities VALUES (685, 125, 'hermosillo.craigslist.com.mx', 'hermosillo');
INSERT INTO cl_cities VALUES (686, 125, 'mazatlan.craigslist.com.mx', 'mazatlan');
INSERT INTO cl_cities VALUES (687, 125, 'mexicocity.craigslist.com.mx', 'mexico city');
INSERT INTO cl_cities VALUES (688, 125, 'monterrey.craigslist.com.mx', 'monterrey');
INSERT INTO cl_cities VALUES (689, 125, 'oaxaca.craigslist.com.mx', 'oaxaca');
INSERT INTO cl_cities VALUES (690, 125, 'puebla.craigslist.com.mx', 'puebla');
INSERT INTO cl_cities VALUES (691, 125, 'pv.craigslist.com.mx', 'puerto vallarta');
INSERT INTO cl_cities VALUES (692, 125, 'tijuana.craigslist.com.mx', 'tijuana');
INSERT INTO cl_cities VALUES (693, 125, 'veracruz.craigslist.com.mx', 'veracruz');
INSERT INTO cl_cities VALUES (694, 125, 'yucatan.craigslist.com.mx', 'yucatan');
INSERT INTO cl_cities VALUES (695, 126, 'managua.craigslist.org', 'nicaragua');
INSERT INTO cl_cities VALUES (696, 127, 'panama.craigslist.org', 'panama');
INSERT INTO cl_cities VALUES (697, 128, 'lima.craigslist.org', 'peru');
INSERT INTO cl_cities VALUES (698, 130, 'montevideo.craigslist.org', 'montevideo');
INSERT INTO cl_cities VALUES (699, 131, 'caracas.craigslist.org', 'venezuela');
INSERT INTO cl_cities VALUES (700, 133, 'cairo.craigslist.org', 'egypt');
INSERT INTO cl_cities VALUES (701, 134, 'addisababa.craigslist.org', 'ethiopia');
INSERT INTO cl_cities VALUES (702, 135, 'accra.craigslist.org', 'ghana');
INSERT INTO cl_cities VALUES (703, 136, 'kenya.craigslist.org', 'kenya');
INSERT INTO cl_cities VALUES (704, 137, 'casablanca.craigslist.org', 'morocco');
INSERT INTO cl_cities VALUES (705, 138, 'capetown.craigslist.co.za', 'cape town');
INSERT INTO cl_cities VALUES (706, 138, 'durban.craigslist.co.za', 'durban');
INSERT INTO cl_cities VALUES (707, 138, 'johannesburg.craigslist.co.za', 'johannesburg');
INSERT INTO cl_cities VALUES (708, 138, 'pretoria.craigslist.co.za', 'pretoria');
INSERT INTO cl_cities VALUES (709, 139, 'tunis.craigslist.org', 'tunisia');

ALTER TABLE ONLY cl_cities
ADD CONSTRAINT cl_cities_state_id_fkey FOREIGN KEY (state_id) REFERENCES cl_states(state_id);

ALTER TABLE ONLY cl_states
ADD CONSTRAINT cl_states_region_id_fkey FOREIGN KEY (region_id) REFERENCES cl_regions(region_id);
