/* https://gist.github.com/joelverhagen/3897331 */






CREATE TABLE IF NOT EXISTS cl_jobs (
    id int(11) NOT NULL AUTO_INCREMENT,
    pid int(11) NOT NULL,
    city_id int(11) NOT NULL,
    cat varchar(4) DEFAULT NULL,
    url varchar(255) DEFAULT NULL,
    title varchar(255) DEFAULT NULL,
    description text,
    email varchar(255) DEFAULT NULL,
    PRIMARY KEY (id)
);



CREATE TABLE IF NOT EXISTS cl_regions (
    region_id int(11) NOT NULL,
    name varchar(255) NOT NULL
);

CREATE TABLE IF NOT EXISTS cl_states (
    state_id int(11) NOT NULL,
    region_id int(11) NOT NULL,
    state_code varchar(10) NOT NULL,
    name varchar(255) NOT NULL
);

CREATE TABLE IF NOT EXISTS cl_cities (
    city_id int(11) NOT NULL,
    state_id int(11) NOT NULL,
    code varchar(255) NOT NULL,
    url varchar(255) NOT NULL,
    name varchar(255) NOT NULL
);




INSERT INTO cl_regions VALUES (1, 'US');
INSERT INTO cl_regions VALUES (2, 'Canada');
INSERT INTO cl_regions VALUES (3, 'Europe');
INSERT INTO cl_regions VALUES (4, 'Asia, Pacific and Middle East');
INSERT INTO cl_regions VALUES (5, 'Oceania');
INSERT INTO cl_regions VALUES (6, 'Latin America and Caribbean');
INSERT INTO cl_regions VALUES (7, 'Africa');






INSERT INTO cl_states VALUES ('1', '1', 'AL', 'Alabama');
INSERT INTO cl_states VALUES ('2', '1', 'AK', 'Alaska');
INSERT INTO cl_states VALUES ('3', '1', 'AZ', 'Arizona');
INSERT INTO cl_states VALUES ('4', '1', 'AR', 'Arkansas');
INSERT INTO cl_states VALUES ('5', '1', 'CA', 'California');
INSERT INTO cl_states VALUES ('6', '1', 'CO', 'Colorado');
INSERT INTO cl_states VALUES ('7', '1', 'CT', 'Connecticut');
INSERT INTO cl_states VALUES ('8', '1', 'DE', 'Delaware');
INSERT INTO cl_states VALUES ('9', '1', 'DC', 'District of Columbia');
INSERT INTO cl_states VALUES ('10', '1', 'FL', 'Florida');
INSERT INTO cl_states VALUES ('11', '1', 'GA', 'Georgia');
INSERT INTO cl_states VALUES ('12', '1', 'HI', 'Hawaii');
INSERT INTO cl_states VALUES ('13', '1', 'ID', 'Idaho');
INSERT INTO cl_states VALUES ('14', '1', 'IL', 'Illinois');
INSERT INTO cl_states VALUES ('15', '1', 'IN', 'Indiana');
INSERT INTO cl_states VALUES ('16', '1', 'IA', 'Iowa');
INSERT INTO cl_states VALUES ('17', '1', 'KS', 'Kansas');
INSERT INTO cl_states VALUES ('18', '1', 'KY', 'Kentucky');
INSERT INTO cl_states VALUES ('19', '1', 'LA', 'Louisiana');
INSERT INTO cl_states VALUES ('20', '1', 'ME', 'Maine');
INSERT INTO cl_states VALUES ('21', '1', 'MD', 'Maryland');
INSERT INTO cl_states VALUES ('22', '1', 'MA', 'Massachusetts');
INSERT INTO cl_states VALUES ('23', '1', 'MI', 'Michigan');
INSERT INTO cl_states VALUES ('24', '1', 'MN', 'Minnesota');
INSERT INTO cl_states VALUES ('25', '1', 'MS', 'Mississippi');
INSERT INTO cl_states VALUES ('26', '1', 'MO', 'Missouri');
INSERT INTO cl_states VALUES ('27', '1', 'MT', 'Montana');
INSERT INTO cl_states VALUES ('28', '1', 'NE', 'Nebraska');
INSERT INTO cl_states VALUES ('29', '1', 'NV', 'Nevada');
INSERT INTO cl_states VALUES ('30', '1', 'NH', 'New Hampshire');
INSERT INTO cl_states VALUES ('31', '1', 'NJ', 'New Jersey');
INSERT INTO cl_states VALUES ('32', '1', 'NM', 'New Mexico');
INSERT INTO cl_states VALUES ('33', '1', 'NY', 'New York');
INSERT INTO cl_states VALUES ('34', '1', 'NC', 'North Carolina');
INSERT INTO cl_states VALUES ('35', '1', 'ND', 'North Dakota');
INSERT INTO cl_states VALUES ('36', '1', 'OH', 'Ohio');
INSERT INTO cl_states VALUES ('37', '1', 'OK', 'Oklahoma');
INSERT INTO cl_states VALUES ('38', '1', 'OR', 'Oregon');
INSERT INTO cl_states VALUES ('39', '1', 'PA', 'Pennsylvania');
INSERT INTO cl_states VALUES ('40', '1', 'RI', 'Rhode Island');
INSERT INTO cl_states VALUES ('41', '1', 'SC', 'South Carolina');
INSERT INTO cl_states VALUES ('42', '1', 'SD', 'South Dakota');
INSERT INTO cl_states VALUES ('43', '1', 'TN', 'Tennessee');
INSERT INTO cl_states VALUES ('44', '1', 'TX', 'Texas');
INSERT INTO cl_states VALUES ('45', '1', 'UT', 'Utah');
INSERT INTO cl_states VALUES ('46', '1', 'VT', 'Vermont');
INSERT INTO cl_states VALUES ('47', '1', 'VA', 'Virginia');
INSERT INTO cl_states VALUES ('48', '1', 'WA', 'Washington');
INSERT INTO cl_states VALUES ('49', '1', 'WV', 'West Virginia');
INSERT INTO cl_states VALUES ('50', '1', 'WI', 'Wisconsin');
INSERT INTO cl_states VALUES ('51', '1', 'WY', 'Wyoming');
INSERT INTO cl_states VALUES ('52', '1', '', 'Territories');
INSERT INTO cl_states VALUES ('53', '2', '', 'Alberta');
INSERT INTO cl_states VALUES ('54', '2', '', 'British Columbia');
INSERT INTO cl_states VALUES ('55', '2', '', 'Manitoba');
INSERT INTO cl_states VALUES ('56', '2', '', 'New Brunswick');
INSERT INTO cl_states VALUES ('57', '2', '', 'Newfoundland and Labrador');
INSERT INTO cl_states VALUES ('58', '2', '', 'Northwest Territories');
INSERT INTO cl_states VALUES ('59', '2', '', 'Nova Scotia');
INSERT INTO cl_states VALUES ('60', '2', '', 'Ontario');
INSERT INTO cl_states VALUES ('61', '2', '', 'Prince Edward Island');
INSERT INTO cl_states VALUES ('62', '2', '', 'Quebec');
INSERT INTO cl_states VALUES ('63', '2', '', 'Saskatchewan');
INSERT INTO cl_states VALUES ('64', '2', '', 'Yukon Territory');
INSERT INTO cl_states VALUES ('65', '3', '', 'Austria');
INSERT INTO cl_states VALUES ('66', '3', '', 'Belgium');
INSERT INTO cl_states VALUES ('67', '3', '', 'Bulgaria');
INSERT INTO cl_states VALUES ('68', '3', '', 'Croatia');
INSERT INTO cl_states VALUES ('69', '3', '', 'Czech Republic');
INSERT INTO cl_states VALUES ('70', '3', '', 'Denmark');
INSERT INTO cl_states VALUES ('71', '3', '', 'Finland');
INSERT INTO cl_states VALUES ('72', '3', '', 'France');
INSERT INTO cl_states VALUES ('73', '3', '', 'Germany');
INSERT INTO cl_states VALUES ('74', '3', '', 'Greece');
INSERT INTO cl_states VALUES ('75', '3', '', 'Hungary');
INSERT INTO cl_states VALUES ('76', '3', '', 'Iceland');
INSERT INTO cl_states VALUES ('77', '3', '', 'Ireland');
INSERT INTO cl_states VALUES ('78', '3', '', 'Italy');
INSERT INTO cl_states VALUES ('79', '3', '', 'Luxembourg');
INSERT INTO cl_states VALUES ('80', '3', '', 'Netherlands');
INSERT INTO cl_states VALUES ('81', '3', '', 'Norway');
INSERT INTO cl_states VALUES ('82', '3', '', 'Poland');
INSERT INTO cl_states VALUES ('83', '3', '', 'Portugal');
INSERT INTO cl_states VALUES ('84', '3', '', 'Romania');
INSERT INTO cl_states VALUES ('85', '3', '', 'Russian Federation');
INSERT INTO cl_states VALUES ('86', '3', '', 'Spain');
INSERT INTO cl_states VALUES ('87', '3', '', 'Sweden');
INSERT INTO cl_states VALUES ('88', '3', '', 'Switzerland');
INSERT INTO cl_states VALUES ('89', '3', '', 'Turkey');
INSERT INTO cl_states VALUES ('90', '3', '', 'Ukraine');
INSERT INTO cl_states VALUES ('91', '3', '', 'United Kingdom');
INSERT INTO cl_states VALUES ('92', '4', '', 'Bangladesh');
INSERT INTO cl_states VALUES ('93', '4', '', 'China');
INSERT INTO cl_states VALUES ('94', '4', '', 'Hong Kong');
INSERT INTO cl_states VALUES ('95', '4', '', 'India');
INSERT INTO cl_states VALUES ('96', '4', '', 'Indonesia');
INSERT INTO cl_states VALUES ('97', '4', '', 'Iran');
INSERT INTO cl_states VALUES ('98', '4', '', 'Iraq');
INSERT INTO cl_states VALUES ('99', '4', '', 'Israel and Palestine');
INSERT INTO cl_states VALUES ('100', '4', '', 'Japan');
INSERT INTO cl_states VALUES ('101', '4', '', 'Korea');
INSERT INTO cl_states VALUES ('102', '4', '', 'Kuwait');
INSERT INTO cl_states VALUES ('103', '4', '', 'Lebanon');
INSERT INTO cl_states VALUES ('104', '4', '', 'Malaysia');
INSERT INTO cl_states VALUES ('105', '4', '', 'Pakistan');
INSERT INTO cl_states VALUES ('106', '4', '', 'Philippines');
INSERT INTO cl_states VALUES ('107', '4', '', 'Singapore');
INSERT INTO cl_states VALUES ('108', '4', '', 'Taiwan');
INSERT INTO cl_states VALUES ('109', '4', '', 'Thailand');
INSERT INTO cl_states VALUES ('110', '4', '', 'United Arab Emirates');
INSERT INTO cl_states VALUES ('111', '4', '', 'Vietnam');
INSERT INTO cl_states VALUES ('112', '5', '', 'Australia');
INSERT INTO cl_states VALUES ('113', '5', '', 'New Zealand');
INSERT INTO cl_states VALUES ('114', '6', '', 'caribbean islands');
INSERT INTO cl_states VALUES ('115', '6', '', 'Argentina');
INSERT INTO cl_states VALUES ('116', '6', '', 'Bolivia');
INSERT INTO cl_states VALUES ('117', '6', '', 'Brazil');
INSERT INTO cl_states VALUES ('118', '6', '', 'Chile');
INSERT INTO cl_states VALUES ('119', '6', '', 'Colombia');
INSERT INTO cl_states VALUES ('120', '6', '', 'Costa Rica');
INSERT INTO cl_states VALUES ('121', '6', '', 'Dominican Republic');
INSERT INTO cl_states VALUES ('122', '6', '', 'Ecuador');
INSERT INTO cl_states VALUES ('123', '6', '', 'El Salvador');
INSERT INTO cl_states VALUES ('124', '6', '', 'Guatemala');
INSERT INTO cl_states VALUES ('125', '6', '', 'Mexico');
INSERT INTO cl_states VALUES ('126', '6', '', 'Nicaragua');
INSERT INTO cl_states VALUES ('127', '6', '', 'Panama');
INSERT INTO cl_states VALUES ('128', '6', '', 'Peru');
INSERT INTO cl_states VALUES ('129', '6', '', 'Puerto Rico');
INSERT INTO cl_states VALUES ('130', '6', '', 'Uruguay');
INSERT INTO cl_states VALUES ('131', '6', '', 'Venezuela');
INSERT INTO cl_states VALUES ('132', '6', '', 'Virgin Islands, U.S.');
INSERT INTO cl_states VALUES ('133', '7', '', 'Egypt');
INSERT INTO cl_states VALUES ('134', '7', '', 'Ethiopia');
INSERT INTO cl_states VALUES ('135', '7', '', 'Ghana');
INSERT INTO cl_states VALUES ('136', '7', '', 'Kenya');
INSERT INTO cl_states VALUES ('137', '7', '', 'Morocco');
INSERT INTO cl_states VALUES ('138', '7', '', 'South Africa');
INSERT INTO cl_states VALUES ('139', '7', '', 'Tunisia');



INSERT INTO cl_cities VALUES ('1', '1', 'auburn', 'auburn.craigslist.org', 'Auburn');
INSERT INTO cl_cities VALUES ('2', '1', 'bham', 'bham.craigslist.org', 'Birmingham');
INSERT INTO cl_cities VALUES ('3', '1', 'dothan', 'dothan.craigslist.org', 'Dothan');
INSERT INTO cl_cities VALUES ('4', '1', 'shoals', 'shoals.craigslist.org', 'Florence / Muscle Shoals');
INSERT INTO cl_cities VALUES ('5', '1', 'gadsden', 'gadsden.craigslist.org', 'Gadsden-anniston');
INSERT INTO cl_cities VALUES ('6', '1', 'huntsville', 'huntsville.craigslist.org', 'Huntsville / Decatur');
INSERT INTO cl_cities VALUES ('7', '1', 'mobile', 'mobile.craigslist.org', 'Mobile');
INSERT INTO cl_cities VALUES ('8', '1', 'montgomery', 'montgomery.craigslist.org', 'Montgomery');
INSERT INTO cl_cities VALUES ('9', '1', 'tuscaloosa', 'tuscaloosa.craigslist.org', 'Tuscaloosa');
INSERT INTO cl_cities VALUES ('10', '2', 'anchorage', 'anchorage.craigslist.org', 'Anchorage / Mat-su');
INSERT INTO cl_cities VALUES ('11', '2', 'fairbanks', 'fairbanks.craigslist.org', 'Fairbanks');
INSERT INTO cl_cities VALUES ('12', '2', 'kenai', 'kenai.craigslist.org', 'Kenai Peninsula');
INSERT INTO cl_cities VALUES ('13', '2', 'juneau', 'juneau.craigslist.org', 'Southeast Alaska');
INSERT INTO cl_cities VALUES ('14', '3', 'flagstaff', 'flagstaff.craigslist.org', 'Flagstaff / Sedona');
INSERT INTO cl_cities VALUES ('15', '3', 'mohave', 'mohave.craigslist.org', 'Mohave County');
INSERT INTO cl_cities VALUES ('16', '3', 'phoenix', 'phoenix.craigslist.org', 'Phoenix');
INSERT INTO cl_cities VALUES ('17', '3', 'prescott', 'prescott.craigslist.org', 'Prescott');
INSERT INTO cl_cities VALUES ('18', '3', 'showlow', 'showlow.craigslist.org', 'Show Low');
INSERT INTO cl_cities VALUES ('19', '3', 'sierravista', 'sierravista.craigslist.org', 'Sierra Vista');
INSERT INTO cl_cities VALUES ('20', '3', 'tucson', 'tucson.craigslist.org', 'Tucson');
INSERT INTO cl_cities VALUES ('21', '3', 'yuma', 'yuma.craigslist.org', 'Yuma');
INSERT INTO cl_cities VALUES ('22', '4', 'fayar', 'fayar.craigslist.org', 'Fayetteville');
INSERT INTO cl_cities VALUES ('23', '4', 'fortsmith', 'fortsmith.craigslist.org', 'Fort Smith');
INSERT INTO cl_cities VALUES ('24', '4', 'jonesboro', 'jonesboro.craigslist.org', 'Jonesboro');
INSERT INTO cl_cities VALUES ('25', '4', 'littlerock', 'littlerock.craigslist.org', 'Little Rock');
INSERT INTO cl_cities VALUES ('26', '4', 'texarkana', 'texarkana.craigslist.org', 'Texarkana');
INSERT INTO cl_cities VALUES ('27', '5', 'bakersfield', 'bakersfield.craigslist.org', 'Bakersfield');
INSERT INTO cl_cities VALUES ('28', '5', 'chico', 'chico.craigslist.org', 'Chico');
INSERT INTO cl_cities VALUES ('29', '5', 'fresno', 'fresno.craigslist.org', 'Fresno / Madera');
INSERT INTO cl_cities VALUES ('30', '5', 'goldcountry', 'goldcountry.craigslist.org', 'Gold Country');
INSERT INTO cl_cities VALUES ('31', '5', 'hanford', 'hanford.craigslist.org', 'Hanford-corcoran');
INSERT INTO cl_cities VALUES ('32', '5', 'humboldt', 'humboldt.craigslist.org', 'Humboldt County');
INSERT INTO cl_cities VALUES ('33', '5', 'imperial', 'imperial.craigslist.org', 'Imperial County');
INSERT INTO cl_cities VALUES ('34', '5', 'inlandempire', 'inlandempire.craigslist.org', 'Inland Empire');
INSERT INTO cl_cities VALUES ('35', '5', 'losangeles', 'losangeles.craigslist.org', 'Los Angeles');
INSERT INTO cl_cities VALUES ('36', '5', 'mendocino', 'mendocino.craigslist.org', 'Mendocino County');
INSERT INTO cl_cities VALUES ('37', '5', 'merced', 'merced.craigslist.org', 'Merced');
INSERT INTO cl_cities VALUES ('38', '5', 'modesto', 'modesto.craigslist.org', 'Modesto');
INSERT INTO cl_cities VALUES ('39', '5', 'monterey', 'monterey.craigslist.org', 'Monterey Bay');
INSERT INTO cl_cities VALUES ('40', '5', 'orangecounty', 'orangecounty.craigslist.org', 'Orange County');
INSERT INTO cl_cities VALUES ('41', '5', 'palmsprings', 'palmsprings.craigslist.org', 'Palm Springs');
INSERT INTO cl_cities VALUES ('42', '5', 'redding', 'redding.craigslist.org', 'Redding');
INSERT INTO cl_cities VALUES ('43', '5', 'sacramento', 'sacramento.craigslist.org', 'Sacramento');
INSERT INTO cl_cities VALUES ('44', '5', 'sandiego', 'sandiego.craigslist.org', 'San Diego');
INSERT INTO cl_cities VALUES ('45', '5', 'sfbay', 'sfbay.craigslist.org', 'San Francisco Bay Area');
INSERT INTO cl_cities VALUES ('46', '5', 'slo', 'slo.craigslist.org', 'San Luis Obispo');
INSERT INTO cl_cities VALUES ('47', '5', 'santabarbara', 'santabarbara.craigslist.org', 'Santa Barbara');
INSERT INTO cl_cities VALUES ('48', '5', 'santamaria', 'santamaria.craigslist.org', 'Santa Maria');
INSERT INTO cl_cities VALUES ('49', '5', 'siskiyou', 'siskiyou.craigslist.org', 'Siskiyou County');
INSERT INTO cl_cities VALUES ('50', '5', 'stockton', 'stockton.craigslist.org', 'Stockton');
INSERT INTO cl_cities VALUES ('51', '5', 'susanville', 'susanville.craigslist.org', 'Susanville');
INSERT INTO cl_cities VALUES ('52', '5', 'ventura', 'ventura.craigslist.org', 'Ventura County');
INSERT INTO cl_cities VALUES ('53', '5', 'visalia', 'visalia.craigslist.org', 'Visalia-tulare');
INSERT INTO cl_cities VALUES ('54', '5', 'yubasutter', 'yubasutter.craigslist.org', 'Yuba-sutter');
INSERT INTO cl_cities VALUES ('55', '6', 'boulder', 'boulder.craigslist.org', 'Boulder');
INSERT INTO cl_cities VALUES ('56', '6', 'cosprings', 'cosprings.craigslist.org', 'Colorado Springs');
INSERT INTO cl_cities VALUES ('57', '6', 'denver', 'denver.craigslist.org', 'Denver');
INSERT INTO cl_cities VALUES ('58', '6', 'eastco', 'eastco.craigslist.org', 'Eastern CO');
INSERT INTO cl_cities VALUES ('59', '6', 'fortcollins', 'fortcollins.craigslist.org', 'Fort Collins / North CO');
INSERT INTO cl_cities VALUES ('60', '6', 'rockies', 'rockies.craigslist.org', 'High Rockies');
INSERT INTO cl_cities VALUES ('61', '6', 'pueblo', 'pueblo.craigslist.org', 'Pueblo');
INSERT INTO cl_cities VALUES ('62', '6', 'westslope', 'westslope.craigslist.org', 'Western Slope');
INSERT INTO cl_cities VALUES ('63', '7', 'newlondon', 'newlondon.craigslist.org', 'Eastern CT');
INSERT INTO cl_cities VALUES ('64', '7', 'hartford', 'hartford.craigslist.org', 'Hartford');
INSERT INTO cl_cities VALUES ('65', '7', 'newhaven', 'newhaven.craigslist.org', 'New Haven');
INSERT INTO cl_cities VALUES ('66', '7', 'nwct', 'nwct.craigslist.org', 'Northwest CT');
INSERT INTO cl_cities VALUES ('67', '8', 'delaware', 'delaware.craigslist.org', 'Delaware');
INSERT INTO cl_cities VALUES ('68', '9', 'washingtondc', 'washingtondc.craigslist.org', 'Washington');
INSERT INTO cl_cities VALUES ('69', '10', 'daytona', 'daytona.craigslist.org', 'Daytona Beach');
INSERT INTO cl_cities VALUES ('70', '10', 'keys', 'keys.craigslist.org', 'Florida Keys');
INSERT INTO cl_cities VALUES ('71', '10', 'fortlauderdale', 'fortlauderdale.craigslist.org', 'Fort Lauderdale');
INSERT INTO cl_cities VALUES ('72', '10', 'fortmyers', 'fortmyers.craigslist.org', 'Ft Myers / SW Florida');
INSERT INTO cl_cities VALUES ('73', '10', 'gainesville', 'gainesville.craigslist.org', 'Gainesville');
INSERT INTO cl_cities VALUES ('74', '10', 'cfl', 'cfl.craigslist.org', 'Heartland Florida');
INSERT INTO cl_cities VALUES ('75', '10', 'jacksonville', 'jacksonville.craigslist.org', 'Jacksonville');
INSERT INTO cl_cities VALUES ('76', '10', 'lakeland', 'lakeland.craigslist.org', 'Lakeland');
INSERT INTO cl_cities VALUES ('77', '10', 'lakecity', 'lakecity.craigslist.org', 'North Central FL');
INSERT INTO cl_cities VALUES ('78', '10', 'ocala', 'ocala.craigslist.org', 'Ocala');
INSERT INTO cl_cities VALUES ('79', '10', 'okaloosa', 'okaloosa.craigslist.org', 'Okaloosa / Walton');
INSERT INTO cl_cities VALUES ('80', '10', 'orlando', 'orlando.craigslist.org', 'Orlando');
INSERT INTO cl_cities VALUES ('81', '10', 'panamacity', 'panamacity.craigslist.org', 'Panama City');
INSERT INTO cl_cities VALUES ('82', '10', 'pensacola', 'pensacola.craigslist.org', 'Pensacola');
INSERT INTO cl_cities VALUES ('83', '10', 'sarasota', 'sarasota.craigslist.org', 'Sarasota-bradenton');
INSERT INTO cl_cities VALUES ('84', '10', 'miami', 'miami.craigslist.org', 'South Florida');
INSERT INTO cl_cities VALUES ('85', '10', 'spacecoast', 'spacecoast.craigslist.org', 'Space Coast');
INSERT INTO cl_cities VALUES ('86', '10', 'staugustine', 'staugustine.craigslist.org', 'St Augustine');
INSERT INTO cl_cities VALUES ('87', '10', 'tallahassee', 'tallahassee.craigslist.org', 'Tallahassee');
INSERT INTO cl_cities VALUES ('88', '10', 'tampa', 'tampa.craigslist.org', 'Tampa Bay Area');
INSERT INTO cl_cities VALUES ('89', '10', 'treasure', 'treasure.craigslist.org', 'Treasure Coast');
INSERT INTO cl_cities VALUES ('90', '10', 'westpalmbeach', 'westpalmbeach.craigslist.org', 'West Palm Beach');
INSERT INTO cl_cities VALUES ('91', '11', 'albanyga', 'albanyga.craigslist.org', 'Albany');
INSERT INTO cl_cities VALUES ('92', '11', 'athensga', 'athensga.craigslist.org', 'Athens');
INSERT INTO cl_cities VALUES ('93', '11', 'atlanta', 'atlanta.craigslist.org', 'Atlanta');
INSERT INTO cl_cities VALUES ('94', '11', 'augusta', 'augusta.craigslist.org', 'Augusta');
INSERT INTO cl_cities VALUES ('95', '11', 'brunswick', 'brunswick.craigslist.org', 'Brunswick');
INSERT INTO cl_cities VALUES ('96', '11', 'columbusga', 'columbusga.craigslist.org', 'Columbus');
INSERT INTO cl_cities VALUES ('97', '11', 'macon', 'macon.craigslist.org', 'Macon / Warner Robins');
INSERT INTO cl_cities VALUES ('98', '11', 'nwga', 'nwga.craigslist.org', 'Northwest GA');
INSERT INTO cl_cities VALUES ('99', '11', 'savannah', 'savannah.craigslist.org', 'Savannah / Hinesville');
INSERT INTO cl_cities VALUES ('100', '11', 'cl_statesboro', 'cl_statesboro.craigslist.org', 'Cl_statesboro');
INSERT INTO cl_cities VALUES ('101', '11', 'valdosta', 'valdosta.craigslist.org', 'Valdosta');
INSERT INTO cl_cities VALUES ('102', '12', 'honolulu', 'honolulu.craigslist.org', 'Hawaii');
INSERT INTO cl_cities VALUES ('103', '13', 'boise', 'boise.craigslist.org', 'Boise');
INSERT INTO cl_cities VALUES ('104', '13', 'eastidaho', 'eastidaho.craigslist.org', 'East Idaho');
INSERT INTO cl_cities VALUES ('105', '13', 'lewiston', 'lewiston.craigslist.org', 'Lewiston / Clarkston');
INSERT INTO cl_cities VALUES ('106', '13', 'twinfalls', 'twinfalls.craigslist.org', 'Twin Falls');
INSERT INTO cl_cities VALUES ('107', '14', 'bn', 'bn.craigslist.org', 'Bloomington-normal');
INSERT INTO cl_cities VALUES ('108', '14', 'chambana', 'chambana.craigslist.org', 'Champaign Urbana');
INSERT INTO cl_cities VALUES ('109', '14', 'chicago', 'chicago.craigslist.org', 'Chicago');
INSERT INTO cl_cities VALUES ('110', '14', 'decatur', 'decatur.craigslist.org', 'Decatur');
INSERT INTO cl_cities VALUES ('111', '14', 'lasalle', 'lasalle.craigslist.org', 'La Salle Co');
INSERT INTO cl_cities VALUES ('112', '14', 'mattoon', 'mattoon.craigslist.org', 'Mattoon-charleston');
INSERT INTO cl_cities VALUES ('113', '14', 'peoria', 'peoria.craigslist.org', 'Peoria');
INSERT INTO cl_cities VALUES ('114', '14', 'rockford', 'rockford.craigslist.org', 'Rockford');
INSERT INTO cl_cities VALUES ('115', '14', 'carbondale', 'carbondale.craigslist.org', 'Southern Illinois');
INSERT INTO cl_cities VALUES ('116', '14', 'springfieldil', 'springfieldil.craigslist.org', 'Springfield');
INSERT INTO cl_cities VALUES ('117', '14', 'quincy', 'quincy.craigslist.org', 'Western IL');
INSERT INTO cl_cities VALUES ('118', '15', 'bloomington', 'bloomington.craigslist.org', 'Bloomington');
INSERT INTO cl_cities VALUES ('119', '15', 'evansville', 'evansville.craigslist.org', 'Evansville');
INSERT INTO cl_cities VALUES ('120', '15', 'fortwayne', 'fortwayne.craigslist.org', 'Fort Wayne');
INSERT INTO cl_cities VALUES ('121', '15', 'indianapolis', 'indianapolis.craigslist.org', 'Indianapolis');
INSERT INTO cl_cities VALUES ('122', '15', 'kokomo', 'kokomo.craigslist.org', 'Kokomo');
INSERT INTO cl_cities VALUES ('123', '15', 'tippecanoe', 'tippecanoe.craigslist.org', 'Lafayette / West Lafayette');
INSERT INTO cl_cities VALUES ('124', '15', 'muncie', 'muncie.craigslist.org', 'Muncie / Anderson');
INSERT INTO cl_cities VALUES ('125', '15', 'richmondin', 'richmondin.craigslist.org', 'Richmond');
INSERT INTO cl_cities VALUES ('126', '15', 'southbend', 'southbend.craigslist.org', 'South Bend / Michiana');
INSERT INTO cl_cities VALUES ('127', '15', 'terrehaute', 'terrehaute.craigslist.org', 'Terre Haute');
INSERT INTO cl_cities VALUES ('128', '16', 'ames', 'ames.craigslist.org', 'Ames');
INSERT INTO cl_cities VALUES ('129', '16', 'cedarrapids', 'cedarrapids.craigslist.org', 'Cedar Rapids');
INSERT INTO cl_cities VALUES ('130', '16', 'desmoines', 'desmoines.craigslist.org', 'Des Moines');
INSERT INTO cl_cities VALUES ('131', '16', 'dubuque', 'dubuque.craigslist.org', 'Dubuque');
INSERT INTO cl_cities VALUES ('132', '16', 'fortdodge', 'fortdodge.craigslist.org', 'Fort Dodge');
INSERT INTO cl_cities VALUES ('133', '16', 'iowacity', 'iowacity.craigslist.org', 'Iowa City');
INSERT INTO cl_cities VALUES ('134', '16', 'masoncity', 'masoncity.craigslist.org', 'Mason City');
INSERT INTO cl_cities VALUES ('135', '16', 'quadcities', 'quadcities.craigslist.org', 'Quad Cities');
INSERT INTO cl_cities VALUES ('136', '16', 'siouxcity', 'siouxcity.craigslist.org', 'Sioux City');
INSERT INTO cl_cities VALUES ('137', '16', 'ottumwa', 'ottumwa.craigslist.org', 'Southeast IA');
INSERT INTO cl_cities VALUES ('138', '16', 'waterloo', 'waterloo.craigslist.org', 'Waterloo / Cedar Falls');
INSERT INTO cl_cities VALUES ('139', '17', 'lawrence', 'lawrence.craigslist.org', 'Lawrence');
INSERT INTO cl_cities VALUES ('140', '17', 'ksu', 'ksu.craigslist.org', 'Manhattan');
INSERT INTO cl_cities VALUES ('141', '17', 'nwks', 'nwks.craigslist.org', 'Northwest KS');
INSERT INTO cl_cities VALUES ('142', '17', 'salina', 'salina.craigslist.org', 'Salina');
INSERT INTO cl_cities VALUES ('143', '17', 'seks', 'seks.craigslist.org', 'Southeast KS');
INSERT INTO cl_cities VALUES ('144', '17', 'swks', 'swks.craigslist.org', 'Southwest KS');
INSERT INTO cl_cities VALUES ('145', '17', 'topeka', 'topeka.craigslist.org', 'Topeka');
INSERT INTO cl_cities VALUES ('146', '17', 'wichita', 'wichita.craigslist.org', 'Wichita');
INSERT INTO cl_cities VALUES ('147', '18', 'bgky', 'bgky.craigslist.org', 'Bowling Green');
INSERT INTO cl_cities VALUES ('148', '18', 'eastky', 'eastky.craigslist.org', 'Eastern Kentucky');
INSERT INTO cl_cities VALUES ('149', '18', 'lexington', 'lexington.craigslist.org', 'Lexington');
INSERT INTO cl_cities VALUES ('150', '18', 'louisville', 'louisville.craigslist.org', 'Louisville');
INSERT INTO cl_cities VALUES ('151', '18', 'owensboro', 'owensboro.craigslist.org', 'Owensboro');
INSERT INTO cl_cities VALUES ('152', '18', 'westky', 'westky.craigslist.org', 'Western KY');
INSERT INTO cl_cities VALUES ('153', '19', 'batonrouge', 'batonrouge.craigslist.org', 'Baton Rouge');
INSERT INTO cl_cities VALUES ('154', '19', 'cenla', 'cenla.craigslist.org', 'Central Louisiana');
INSERT INTO cl_cities VALUES ('155', '19', 'houma', 'houma.craigslist.org', 'Houma');
INSERT INTO cl_cities VALUES ('156', '19', 'lafayette', 'lafayette.craigslist.org', 'Lafayette');
INSERT INTO cl_cities VALUES ('157', '19', 'lakecharles', 'lakecharles.craigslist.org', 'Lake Charles');
INSERT INTO cl_cities VALUES ('158', '19', 'monroe', 'monroe.craigslist.org', 'Monroe');
INSERT INTO cl_cities VALUES ('159', '19', 'neworleans', 'neworleans.craigslist.org', 'New Orleans');
INSERT INTO cl_cities VALUES ('160', '19', 'shreveport', 'shreveport.craigslist.org', 'Shreveport');
INSERT INTO cl_cities VALUES ('161', '20', 'maine', 'maine.craigslist.org', 'Maine');
INSERT INTO cl_cities VALUES ('162', '21', 'annapolis', 'annapolis.craigslist.org', 'Annapolis');
INSERT INTO cl_cities VALUES ('163', '21', 'baltimore', 'baltimore.craigslist.org', 'Baltimore');
INSERT INTO cl_cities VALUES ('164', '21', 'easternshore', 'easternshore.craigslist.org', 'Eastern Shore');
INSERT INTO cl_cities VALUES ('165', '21', 'frederick', 'frederick.craigslist.org', 'Frederick');
INSERT INTO cl_cities VALUES ('166', '21', 'smd', 'smd.craigslist.org', 'Southern Maryland');
INSERT INTO cl_cities VALUES ('167', '21', 'westmd', 'westmd.craigslist.org', 'Western Maryland');
INSERT INTO cl_cities VALUES ('168', '22', 'boston', 'boston.craigslist.org', 'Boston');
INSERT INTO cl_cities VALUES ('169', '22', 'capecod', 'capecod.craigslist.org', 'Cape Cod / Islands');
INSERT INTO cl_cities VALUES ('170', '22', 'southcoast', 'southcoast.craigslist.org', 'South Coast');
INSERT INTO cl_cities VALUES ('171', '22', 'westernmass', 'westernmass.craigslist.org', 'Western Massachusetts');
INSERT INTO cl_cities VALUES ('172', '22', 'worcester', 'worcester.craigslist.org', 'Worcester / Central MA');
INSERT INTO cl_cities VALUES ('173', '23', 'annarbor', 'annarbor.craigslist.org', 'Ann Arbor');
INSERT INTO cl_cities VALUES ('174', '23', 'battlecreek', 'battlecreek.craigslist.org', 'Battle Creek');
INSERT INTO cl_cities VALUES ('175', '23', 'centralmich', 'centralmich.craigslist.org', 'Central Michigan');
INSERT INTO cl_cities VALUES ('176', '23', 'detroit', 'detroit.craigslist.org', 'Detroit Metro');
INSERT INTO cl_cities VALUES ('177', '23', 'flint', 'flint.craigslist.org', 'Flint');
INSERT INTO cl_cities VALUES ('178', '23', 'grandrapids', 'grandrapids.craigslist.org', 'Grand Rapids');
INSERT INTO cl_cities VALUES ('179', '23', 'holland', 'holland.craigslist.org', 'Holland');
INSERT INTO cl_cities VALUES ('180', '23', 'jxn', 'jxn.craigslist.org', 'Jackson');
INSERT INTO cl_cities VALUES ('181', '23', 'kalamazoo', 'kalamazoo.craigslist.org', 'Kalamazoo');
INSERT INTO cl_cities VALUES ('182', '23', 'lansing', 'lansing.craigslist.org', 'Lansing');
INSERT INTO cl_cities VALUES ('183', '23', 'monroemi', 'monroemi.craigslist.org', 'Monroe');
INSERT INTO cl_cities VALUES ('184', '23', 'muskegon', 'muskegon.craigslist.org', 'Muskegon');
INSERT INTO cl_cities VALUES ('185', '23', 'nmi', 'nmi.craigslist.org', 'Northern Michigan');
INSERT INTO cl_cities VALUES ('186', '23', 'porthuron', 'porthuron.craigslist.org', 'Port Huron');
INSERT INTO cl_cities VALUES ('187', '23', 'saginaw', 'saginaw.craigslist.org', 'Saginaw-midland-baycity');
INSERT INTO cl_cities VALUES ('188', '23', 'swmi', 'swmi.craigslist.org', 'Southwest Michigan');
INSERT INTO cl_cities VALUES ('189', '23', 'thumb', 'thumb.craigslist.org', 'The Thumb');
INSERT INTO cl_cities VALUES ('190', '23', 'up', 'up.craigslist.org', 'Upper Peninsula');
INSERT INTO cl_cities VALUES ('191', '24', 'bemidji', 'bemidji.craigslist.org', 'Bemidji');
INSERT INTO cl_cities VALUES ('192', '24', 'brainerd', 'brainerd.craigslist.org', 'Brainerd');
INSERT INTO cl_cities VALUES ('193', '24', 'duluth', 'duluth.craigslist.org', 'Duluth / Superior');
INSERT INTO cl_cities VALUES ('194', '24', 'mankato', 'mankato.craigslist.org', 'Mankato');
INSERT INTO cl_cities VALUES ('195', '24', 'minneapolis', 'minneapolis.craigslist.org', 'Minneapolis / St Paul');
INSERT INTO cl_cities VALUES ('196', '24', 'rmn', 'rmn.craigslist.org', 'Rochester');
INSERT INTO cl_cities VALUES ('197', '24', 'marshall', 'marshall.craigslist.org', 'Southwest MN');
INSERT INTO cl_cities VALUES ('198', '24', 'stcloud', 'stcloud.craigslist.org', 'St Cloud');
INSERT INTO cl_cities VALUES ('199', '25', 'gulfport', 'gulfport.craigslist.org', 'Gulfport / Biloxi');
INSERT INTO cl_cities VALUES ('200', '25', 'hattiesburg', 'hattiesburg.craigslist.org', 'Hattiesburg');
INSERT INTO cl_cities VALUES ('201', '25', 'jackson', 'jackson.craigslist.org', 'Jackson');
INSERT INTO cl_cities VALUES ('202', '25', 'meridian', 'meridian.craigslist.org', 'Meridian');
INSERT INTO cl_cities VALUES ('203', '25', 'northmiss', 'northmiss.craigslist.org', 'North Mississippi');
INSERT INTO cl_cities VALUES ('204', '25', 'natchez', 'natchez.craigslist.org', 'Southwest MS');
INSERT INTO cl_cities VALUES ('205', '26', 'columbiamo', 'columbiamo.craigslist.org', 'Columbia / Jeff City');
INSERT INTO cl_cities VALUES ('206', '26', 'joplin', 'joplin.craigslist.org', 'Joplin');
INSERT INTO cl_cities VALUES ('207', '26', 'kansascity', 'kansascity.craigslist.org', 'Kansas City');
INSERT INTO cl_cities VALUES ('208', '26', 'kirksville', 'kirksville.craigslist.org', 'Kirksville');
INSERT INTO cl_cities VALUES ('209', '26', 'loz', 'loz.craigslist.org', 'Lake Of The Ozarks');
INSERT INTO cl_cities VALUES ('210', '26', 'semo', 'semo.craigslist.org', 'Southeast Missouri');
INSERT INTO cl_cities VALUES ('211', '26', 'springfield', 'springfield.craigslist.org', 'Springfield');
INSERT INTO cl_cities VALUES ('212', '26', 'stjoseph', 'stjoseph.craigslist.org', 'St Joseph');
INSERT INTO cl_cities VALUES ('213', '26', 'stlouis', 'stlouis.craigslist.org', 'St Louis');
INSERT INTO cl_cities VALUES ('214', '27', 'billings', 'billings.craigslist.org', 'Billings');
INSERT INTO cl_cities VALUES ('215', '27', 'bozeman', 'bozeman.craigslist.org', 'Bozeman');
INSERT INTO cl_cities VALUES ('216', '27', 'butte', 'butte.craigslist.org', 'Butte');
INSERT INTO cl_cities VALUES ('217', '27', 'greatfalls', 'greatfalls.craigslist.org', 'Great Falls');
INSERT INTO cl_cities VALUES ('218', '27', 'helena', 'helena.craigslist.org', 'Helena');
INSERT INTO cl_cities VALUES ('219', '27', 'kalispell', 'kalispell.craigslist.org', 'Kalispell');
INSERT INTO cl_cities VALUES ('220', '27', 'missoula', 'missoula.craigslist.org', 'Missoula');
INSERT INTO cl_cities VALUES ('221', '27', 'montana', 'montana.craigslist.org', 'Montana (old)');
INSERT INTO cl_cities VALUES ('222', '28', 'grandisland', 'grandisland.craigslist.org', 'Grand Island');
INSERT INTO cl_cities VALUES ('223', '28', 'lincoln', 'lincoln.craigslist.org', 'Lincoln');
INSERT INTO cl_cities VALUES ('224', '28', 'northplatte', 'northplatte.craigslist.org', 'North Platte');
INSERT INTO cl_cities VALUES ('225', '28', 'omaha', 'omaha.craigslist.org', 'Omaha / Council Bluffs');
INSERT INTO cl_cities VALUES ('226', '28', 'scottsbluff', 'scottsbluff.craigslist.org', 'Scottsbluff / Panhandle');
INSERT INTO cl_cities VALUES ('227', '29', 'elko', 'elko.craigslist.org', 'Elko');
INSERT INTO cl_cities VALUES ('228', '29', 'lasvegas', 'lasvegas.craigslist.org', 'Las Vegas');
INSERT INTO cl_cities VALUES ('229', '29', 'reno', 'reno.craigslist.org', 'Reno / Tahoe');
INSERT INTO cl_cities VALUES ('230', '30', 'nh', 'nh.craigslist.org', 'New Hampshire');
INSERT INTO cl_cities VALUES ('231', '31', 'cnj', 'cnj.craigslist.org', 'Central NJ');
INSERT INTO cl_cities VALUES ('232', '31', 'jerseyshore', 'jerseyshore.craigslist.org', 'Jersey Shore');
INSERT INTO cl_cities VALUES ('233', '31', 'newjersey', 'newjersey.craigslist.org', 'North Jersey');
INSERT INTO cl_cities VALUES ('234', '31', 'southjersey', 'southjersey.craigslist.org', 'South Jersey');
INSERT INTO cl_cities VALUES ('235', '32', 'albuquerque', 'albuquerque.craigslist.org', 'Albuquerque');
INSERT INTO cl_cities VALUES ('236', '32', 'clovis', 'clovis.craigslist.org', 'Clovis / Portales');
INSERT INTO cl_cities VALUES ('237', '32', 'farmington', 'farmington.craigslist.org', 'Farmington');
INSERT INTO cl_cities VALUES ('238', '32', 'lascruces', 'lascruces.craigslist.org', 'Las Cruces');
INSERT INTO cl_cities VALUES ('239', '32', 'roswell', 'roswell.craigslist.org', 'Roswell / Carlsbad');
INSERT INTO cl_cities VALUES ('240', '32', 'santafe', 'santafe.craigslist.org', 'Santa Fe / Taos');
INSERT INTO cl_cities VALUES ('241', '33', 'albany', 'albany.craigslist.org', 'Albany');
INSERT INTO cl_cities VALUES ('242', '33', 'binghamton', 'binghamton.craigslist.org', 'Binghamton');
INSERT INTO cl_cities VALUES ('243', '33', 'buffalo', 'buffalo.craigslist.org', 'Buffalo');
INSERT INTO cl_cities VALUES ('244', '33', 'catskills', 'catskills.craigslist.org', 'Catskills');
INSERT INTO cl_cities VALUES ('245', '33', 'chautauqua', 'chautauqua.craigslist.org', 'Chautauqua');
INSERT INTO cl_cities VALUES ('246', '33', 'elmira', 'elmira.craigslist.org', 'Elmira-corning');
INSERT INTO cl_cities VALUES ('247', '33', 'fingerlakes', 'fingerlakes.craigslist.org', 'Finger Lakes');
INSERT INTO cl_cities VALUES ('248', '33', 'glensfalls', 'glensfalls.craigslist.org', 'Glens Falls');
INSERT INTO cl_cities VALUES ('249', '33', 'hudsonvalley', 'hudsonvalley.craigslist.org', 'Hudson Valley');
INSERT INTO cl_cities VALUES ('250', '33', 'ithaca', 'ithaca.craigslist.org', 'Ithaca');
INSERT INTO cl_cities VALUES ('251', '33', 'longisland', 'longisland.craigslist.org', 'Long Island');
INSERT INTO cl_cities VALUES ('252', '33', 'newyork', 'newyork.craigslist.org', 'New York City');
INSERT INTO cl_cities VALUES ('253', '33', 'oneonta', 'oneonta.craigslist.org', 'Oneonta');
INSERT INTO cl_cities VALUES ('254', '33', 'plattsburgh', 'plattsburgh.craigslist.org', 'Plattsburgh-adirondacks');
INSERT INTO cl_cities VALUES ('255', '33', 'potsdam', 'potsdam.craigslist.org', 'Potsdam-canton-massena');
INSERT INTO cl_cities VALUES ('256', '33', 'rochester', 'rochester.craigslist.org', 'Rochester');
INSERT INTO cl_cities VALUES ('257', '33', 'syracuse', 'syracuse.craigslist.org', 'Syracuse');
INSERT INTO cl_cities VALUES ('258', '33', 'twintiers', 'twintiers.craigslist.org', 'Twin Tiers NY/PA');
INSERT INTO cl_cities VALUES ('259', '33', 'utica', 'utica.craigslist.org', 'Utica-rome-oneida');
INSERT INTO cl_cities VALUES ('260', '33', 'watertown', 'watertown.craigslist.org', 'Watertown');
INSERT INTO cl_cities VALUES ('261', '34', 'asheville', 'asheville.craigslist.org', 'Asheville');
INSERT INTO cl_cities VALUES ('262', '34', 'boone', 'boone.craigslist.org', 'Boone');
INSERT INTO cl_cities VALUES ('263', '34', 'charlotte', 'charlotte.craigslist.org', 'Charlotte');
INSERT INTO cl_cities VALUES ('264', '34', 'eastnc', 'eastnc.craigslist.org', 'Eastern NC');
INSERT INTO cl_cities VALUES ('265', '34', 'fayetteville', 'fayetteville.craigslist.org', 'Fayetteville');
INSERT INTO cl_cities VALUES ('266', '34', 'greensboro', 'greensboro.craigslist.org', 'Greensboro');
INSERT INTO cl_cities VALUES ('267', '34', 'hickory', 'hickory.craigslist.org', 'Hickory / Lenoir');
INSERT INTO cl_cities VALUES ('268', '34', 'onslow', 'onslow.craigslist.org', 'Jacksonville');
INSERT INTO cl_cities VALUES ('269', '34', 'outerbanks', 'outerbanks.craigslist.org', 'Outer Banks');
INSERT INTO cl_cities VALUES ('270', '34', 'raleigh', 'raleigh.craigslist.org', 'Raleigh / Durham / CH');
INSERT INTO cl_cities VALUES ('271', '34', 'wilmington', 'wilmington.craigslist.org', 'Wilmington');
INSERT INTO cl_cities VALUES ('272', '34', 'winstonsalem', 'winstonsalem.craigslist.org', 'Winston-salem');
INSERT INTO cl_cities VALUES ('273', '35', 'bismarck', 'bismarck.craigslist.org', 'Bismarck');
INSERT INTO cl_cities VALUES ('274', '35', 'fargo', 'fargo.craigslist.org', 'Fargo / Moorhead');
INSERT INTO cl_cities VALUES ('275', '35', 'grandforks', 'grandforks.craigslist.org', 'Grand Forks');
INSERT INTO cl_cities VALUES ('276', '35', 'nd', 'nd.craigslist.org', 'North Dakota');
INSERT INTO cl_cities VALUES ('277', '36', 'akroncanton', 'akroncanton.craigslist.org', 'Akron / Canton');
INSERT INTO cl_cities VALUES ('278', '36', 'ashtabula', 'ashtabula.craigslist.org', 'Ashtabula');
INSERT INTO cl_cities VALUES ('279', '36', 'athensohio', 'athensohio.craigslist.org', 'Athens');
INSERT INTO cl_cities VALUES ('280', '36', 'chillicothe', 'chillicothe.craigslist.org', 'Chillicothe');
INSERT INTO cl_cities VALUES ('281', '36', 'cincinnati', 'cincinnati.craigslist.org', 'Cincinnati');
INSERT INTO cl_cities VALUES ('282', '36', 'cleveland', 'cleveland.craigslist.org', 'Cleveland');
INSERT INTO cl_cities VALUES ('283', '36', 'columbus', 'columbus.craigslist.org', 'Columbus');
INSERT INTO cl_cities VALUES ('284', '36', 'dayton', 'dayton.craigslist.org', 'Dayton / Springfield');
INSERT INTO cl_cities VALUES ('285', '36', 'limaohio', 'limaohio.craigslist.org', 'Lima / Findlay');
INSERT INTO cl_cities VALUES ('286', '36', 'mansfield', 'mansfield.craigslist.org', 'Mansfield');
INSERT INTO cl_cities VALUES ('287', '36', 'sandusky', 'sandusky.craigslist.org', 'Sandusky');
INSERT INTO cl_cities VALUES ('288', '36', 'toledo', 'toledo.craigslist.org', 'Toledo');
INSERT INTO cl_cities VALUES ('289', '36', 'tuscarawas', 'tuscarawas.craigslist.org', 'Tuscarawas Co');
INSERT INTO cl_cities VALUES ('290', '36', 'youngstown', 'youngstown.craigslist.org', 'Youngstown');
INSERT INTO cl_cities VALUES ('291', '36', 'zanesville', 'zanesville.craigslist.org', 'Zanesville / Cambridge');
INSERT INTO cl_cities VALUES ('292', '37', 'lawton', 'lawton.craigslist.org', 'Lawton');
INSERT INTO cl_cities VALUES ('293', '37', 'enid', 'enid.craigslist.org', 'Northwest OK');
INSERT INTO cl_cities VALUES ('294', '37', 'oklahomacity', 'oklahomacity.craigslist.org', 'Oklahoma City');
INSERT INTO cl_cities VALUES ('295', '37', 'stillwater', 'stillwater.craigslist.org', 'Stillwater');
INSERT INTO cl_cities VALUES ('296', '37', 'tulsa', 'tulsa.craigslist.org', 'Tulsa');
INSERT INTO cl_cities VALUES ('297', '38', 'bend', 'bend.craigslist.org', 'Bend');
INSERT INTO cl_cities VALUES ('298', '38', 'corvallis', 'corvallis.craigslist.org', 'Corvallis/albany');
INSERT INTO cl_cities VALUES ('299', '38', 'eastoregon', 'eastoregon.craigslist.org', 'East Oregon');
INSERT INTO cl_cities VALUES ('300', '38', 'eugene', 'eugene.craigslist.org', 'Eugene');
INSERT INTO cl_cities VALUES ('301', '38', 'klamath', 'klamath.craigslist.org', 'Klamath Falls');
INSERT INTO cl_cities VALUES ('302', '38', 'medford', 'medford.craigslist.org', 'Medford-ashland');
INSERT INTO cl_cities VALUES ('303', '38', 'oregoncoast', 'oregoncoast.craigslist.org', 'Oregon Coast');
INSERT INTO cl_cities VALUES ('304', '38', 'portland', 'portland.craigslist.org', 'Portland');
INSERT INTO cl_cities VALUES ('305', '38', 'roseburg', 'roseburg.craigslist.org', 'Roseburg');
INSERT INTO cl_cities VALUES ('306', '38', 'salem', 'salem.craigslist.org', 'Salem');
INSERT INTO cl_cities VALUES ('307', '39', 'altoona', 'altoona.craigslist.org', 'Altoona-johnstown');
INSERT INTO cl_cities VALUES ('308', '39', 'chambersburg', 'chambersburg.craigslist.org', 'Cumberland Valley');
INSERT INTO cl_cities VALUES ('309', '39', 'erie', 'erie.craigslist.org', 'Erie');
INSERT INTO cl_cities VALUES ('310', '39', 'harrisburg', 'harrisburg.craigslist.org', 'Harrisburg');
INSERT INTO cl_cities VALUES ('311', '39', 'lancaster', 'lancaster.craigslist.org', 'Lancaster');
INSERT INTO cl_cities VALUES ('312', '39', 'allentown', 'allentown.craigslist.org', 'Lehigh Valley');
INSERT INTO cl_cities VALUES ('313', '39', 'meadville', 'meadville.craigslist.org', 'Meadville');
INSERT INTO cl_cities VALUES ('314', '39', 'philadelphia', 'philadelphia.craigslist.org', 'Philadelphia');
INSERT INTO cl_cities VALUES ('315', '39', 'pittsburgh', 'pittsburgh.craigslist.org', 'Pittsburgh');
INSERT INTO cl_cities VALUES ('316', '39', 'poconos', 'poconos.craigslist.org', 'Poconos');
INSERT INTO cl_cities VALUES ('317', '39', 'reading', 'reading.craigslist.org', 'Reading');
INSERT INTO cl_cities VALUES ('318', '39', 'scranton', 'scranton.craigslist.org', 'Scranton / Wilkes-barre');
INSERT INTO cl_cities VALUES ('319', '39', 'pennstate', 'pennstate.craigslist.org', 'State College');
INSERT INTO cl_cities VALUES ('320', '39', 'williamsport', 'williamsport.craigslist.org', 'Williamsport');
INSERT INTO cl_cities VALUES ('321', '39', 'york', 'york.craigslist.org', 'York');
INSERT INTO cl_cities VALUES ('322', '40', 'providence', 'providence.craigslist.org', 'Rhode Island');
INSERT INTO cl_cities VALUES ('323', '41', 'charleston', 'charleston.craigslist.org', 'Charleston');
INSERT INTO cl_cities VALUES ('324', '41', 'columbia', 'columbia.craigslist.org', 'Columbia');
INSERT INTO cl_cities VALUES ('325', '41', 'florencesc', 'florencesc.craigslist.org', 'Florence');
INSERT INTO cl_cities VALUES ('326', '41', 'greenville', 'greenville.craigslist.org', 'Greenville / Upstate');
INSERT INTO cl_cities VALUES ('327', '41', 'hiltonhead', 'hiltonhead.craigslist.org', 'Hilton Head');
INSERT INTO cl_cities VALUES ('328', '41', 'myrtlebeach', 'myrtlebeach.craigslist.org', 'Myrtle Beach');
INSERT INTO cl_cities VALUES ('329', '42', 'nesd', 'nesd.craigslist.org', 'Northeast SD');
INSERT INTO cl_cities VALUES ('330', '42', 'csd', 'csd.craigslist.org', 'Pierre / Central SD');
INSERT INTO cl_cities VALUES ('331', '42', 'rapidcity', 'rapidcity.craigslist.org', 'Rapid City / West SD');
INSERT INTO cl_cities VALUES ('332', '42', 'siouxfalls', 'siouxfalls.craigslist.org', 'Sioux Falls / SE SD');
INSERT INTO cl_cities VALUES ('333', '42', 'sd', 'sd.craigslist.org', 'South Dakota');
INSERT INTO cl_cities VALUES ('334', '43', 'chattanooga', 'chattanooga.craigslist.org', 'Chattanooga');
INSERT INTO cl_cities VALUES ('335', '43', 'clarksville', 'clarksville.craigslist.org', 'Clarksville');
INSERT INTO cl_cities VALUES ('336', '43', 'cookeville', 'cookeville.craigslist.org', 'Cookeville');
INSERT INTO cl_cities VALUES ('337', '43', 'jacksontn', 'jacksontn.craigslist.org', 'Jackson');
INSERT INTO cl_cities VALUES ('338', '43', 'knoxville', 'knoxville.craigslist.org', 'Knoxville');
INSERT INTO cl_cities VALUES ('339', '43', 'memphis', 'memphis.craigslist.org', 'Memphis');
INSERT INTO cl_cities VALUES ('340', '43', 'nashville', 'nashville.craigslist.org', 'Nashville');
INSERT INTO cl_cities VALUES ('341', '43', 'tricities', 'tricities.craigslist.org', 'Tri-cities');
INSERT INTO cl_cities VALUES ('342', '44', 'abilene', 'abilene.craigslist.org', 'Abilene');
INSERT INTO cl_cities VALUES ('343', '44', 'amarillo', 'amarillo.craigslist.org', 'Amarillo');
INSERT INTO cl_cities VALUES ('344', '44', 'austin', 'austin.craigslist.org', 'Austin');
INSERT INTO cl_cities VALUES ('345', '44', 'beaumont', 'beaumont.craigslist.org', 'Beaumont / Port Arthur');
INSERT INTO cl_cities VALUES ('346', '44', 'brownsville', 'brownsville.craigslist.org', 'Brownsville');
INSERT INTO cl_cities VALUES ('347', '44', 'collegestation', 'collegestation.craigslist.org', 'College Station');
INSERT INTO cl_cities VALUES ('348', '44', 'corpuschristi', 'corpuschristi.craigslist.org', 'Corpus Christi');
INSERT INTO cl_cities VALUES ('349', '44', 'dallas', 'dallas.craigslist.org', 'Dallas / Fort Worth');
INSERT INTO cl_cities VALUES ('350', '44', 'nacogdoches', 'nacogdoches.craigslist.org', 'Deep East Texas');
INSERT INTO cl_cities VALUES ('351', '44', 'delrio', 'delrio.craigslist.org', 'Del Rio / Eagle Pass');
INSERT INTO cl_cities VALUES ('352', '44', 'elpaso', 'elpaso.craigslist.org', 'El Paso');
INSERT INTO cl_cities VALUES ('353', '44', 'galveston', 'galveston.craigslist.org', 'Galveston');
INSERT INTO cl_cities VALUES ('354', '44', 'houston', 'houston.craigslist.org', 'Houston');
INSERT INTO cl_cities VALUES ('355', '44', 'killeen', 'killeen.craigslist.org', 'Killeen / Temple / Ft Hood');
INSERT INTO cl_cities VALUES ('356', '44', 'laredo', 'laredo.craigslist.org', 'Laredo');
INSERT INTO cl_cities VALUES ('357', '44', 'lubbock', 'lubbock.craigslist.org', 'Lubbock');
INSERT INTO cl_cities VALUES ('358', '44', 'mcallen', 'mcallen.craigslist.org', 'Mcallen / Edinburg');
INSERT INTO cl_cities VALUES ('359', '44', 'odessa', 'odessa.craigslist.org', 'Odessa / Midland');
INSERT INTO cl_cities VALUES ('360', '44', 'sanangelo', 'sanangelo.craigslist.org', 'San Angelo');
INSERT INTO cl_cities VALUES ('361', '44', 'sanantonio', 'sanantonio.craigslist.org', 'San Antonio');
INSERT INTO cl_cities VALUES ('362', '44', 'sanmarcos', 'sanmarcos.craigslist.org', 'San Marcos');
INSERT INTO cl_cities VALUES ('363', '44', 'bigbend', 'bigbend.craigslist.org', 'Southwest TX');
INSERT INTO cl_cities VALUES ('364', '44', 'texoma', 'texoma.craigslist.org', 'Texoma');
INSERT INTO cl_cities VALUES ('365', '44', 'easttexas', 'easttexas.craigslist.org', 'Tyler / East TX');
INSERT INTO cl_cities VALUES ('366', '44', 'victoriatx', 'victoriatx.craigslist.org', 'Victoria');
INSERT INTO cl_cities VALUES ('367', '44', 'waco', 'waco.craigslist.org', 'Waco');
INSERT INTO cl_cities VALUES ('368', '44', 'wichitafalls', 'wichitafalls.craigslist.org', 'Wichita Falls');
INSERT INTO cl_cities VALUES ('369', '45', 'logan', 'logan.craigslist.org', 'Logan');
INSERT INTO cl_cities VALUES ('370', '45', 'ogden', 'ogden.craigslist.org', 'Ogden-clearfield');
INSERT INTO cl_cities VALUES ('371', '45', 'provo', 'provo.craigslist.org', 'Provo / Orem');
INSERT INTO cl_cities VALUES ('372', '45', 'saltlakecity', 'saltlakecity.craigslist.org', 'Salt Lake City');
INSERT INTO cl_cities VALUES ('373', '45', 'stgeorge', 'stgeorge.craigslist.org', 'St George');
INSERT INTO cl_cities VALUES ('374', '46', 'burlington', 'burlington.craigslist.org', 'Vermont');
INSERT INTO cl_cities VALUES ('375', '47', 'charlottesville', 'charlottesville.craigslist.org', 'Charlottesville');
INSERT INTO cl_cities VALUES ('376', '47', 'danville', 'danville.craigslist.org', 'Danville');
INSERT INTO cl_cities VALUES ('377', '47', 'fredericksburg', 'fredericksburg.craigslist.org', 'Fredericksburg');
INSERT INTO cl_cities VALUES ('378', '47', 'norfolk', 'norfolk.craigslist.org', 'Hampton Roads');
INSERT INTO cl_cities VALUES ('379', '47', 'harrisonburg', 'harrisonburg.craigslist.org', 'Harrisonburg');
INSERT INTO cl_cities VALUES ('380', '47', 'lynchburg', 'lynchburg.craigslist.org', 'Lynchburg');
INSERT INTO cl_cities VALUES ('381', '47', 'blacksburg', 'blacksburg.craigslist.org', 'New River Valley');
INSERT INTO cl_cities VALUES ('382', '47', 'richmond', 'richmond.craigslist.org', 'Richmond');
INSERT INTO cl_cities VALUES ('383', '47', 'roanoke', 'roanoke.craigslist.org', 'Roanoke');
INSERT INTO cl_cities VALUES ('384', '47', 'swva', 'swva.craigslist.org', 'Southwest VA');
INSERT INTO cl_cities VALUES ('385', '47', 'winchester', 'winchester.craigslist.org', 'Winchester');
INSERT INTO cl_cities VALUES ('386', '48', 'bellingham', 'bellingham.craigslist.org', 'Bellingham');
INSERT INTO cl_cities VALUES ('387', '48', 'kpr', 'kpr.craigslist.org', 'Kennewick-pasco-richland');
INSERT INTO cl_cities VALUES ('388', '48', 'moseslake', 'moseslake.craigslist.org', 'Moses Lake');
INSERT INTO cl_cities VALUES ('389', '48', 'olympic', 'olympic.craigslist.org', 'Olympic Peninsula');
INSERT INTO cl_cities VALUES ('390', '48', 'pullman', 'pullman.craigslist.org', 'Pullman / Moscow');
INSERT INTO cl_cities VALUES ('391', '48', 'seattle', 'seattle.craigslist.org', 'Seattle-tacoma');
INSERT INTO cl_cities VALUES ('392', '48', 'skagit', 'skagit.craigslist.org', 'Skagit / Island / SJI');
INSERT INTO cl_cities VALUES ('393', '48', 'spokane', 'spokane.craigslist.org', 'Spokane / Coeur D\'alene');
INSERT INTO cl_cities VALUES ('394', '48', 'wenatchee', 'wenatchee.craigslist.org', 'Wenatchee');
INSERT INTO cl_cities VALUES ('395', '48', 'yakima', 'yakima.craigslist.org', 'Yakima');
INSERT INTO cl_cities VALUES ('396', '49', 'charlestonwv', 'charlestonwv.craigslist.org', 'Charleston');
INSERT INTO cl_cities VALUES ('397', '49', 'martinsburg', 'martinsburg.craigslist.org', 'Eastern Panhandle');
INSERT INTO cl_cities VALUES ('398', '49', 'huntington', 'huntington.craigslist.org', 'Huntington-ashland');
INSERT INTO cl_cities VALUES ('399', '49', 'morgantown', 'morgantown.craigslist.org', 'Morgantown');
INSERT INTO cl_cities VALUES ('400', '49', 'wheeling', 'wheeling.craigslist.org', 'Northern Panhandle');
INSERT INTO cl_cities VALUES ('401', '49', 'parkersburg', 'parkersburg.craigslist.org', 'Parkersburg-marietta');
INSERT INTO cl_cities VALUES ('402', '49', 'swv', 'swv.craigslist.org', 'Southern WV');
INSERT INTO cl_cities VALUES ('403', '49', 'wv', 'wv.craigslist.org', 'West Virginia (old)');
INSERT INTO cl_cities VALUES ('404', '50', 'appleton', 'appleton.craigslist.org', 'Appleton-oshkosh-FDL');
INSERT INTO cl_cities VALUES ('405', '50', 'eauclaire', 'eauclaire.craigslist.org', 'Eau Claire');
INSERT INTO cl_cities VALUES ('406', '50', 'greenbay', 'greenbay.craigslist.org', 'Green Bay');
INSERT INTO cl_cities VALUES ('407', '50', 'janesville', 'janesville.craigslist.org', 'Janesville');
INSERT INTO cl_cities VALUES ('408', '50', 'racine', 'racine.craigslist.org', 'Kenosha-racine');
INSERT INTO cl_cities VALUES ('409', '50', 'lacrosse', 'lacrosse.craigslist.org', 'La Crosse');
INSERT INTO cl_cities VALUES ('410', '50', 'madison', 'madison.craigslist.org', 'Madison');
INSERT INTO cl_cities VALUES ('411', '50', 'milwaukee', 'milwaukee.craigslist.org', 'Milwaukee');
INSERT INTO cl_cities VALUES ('412', '50', 'northernwi', 'northernwi.craigslist.org', 'Northern WI');
INSERT INTO cl_cities VALUES ('413', '50', 'sheboygan', 'sheboygan.craigslist.org', 'Sheboygan');
INSERT INTO cl_cities VALUES ('414', '50', 'wausau', 'wausau.craigslist.org', 'Wausau');
INSERT INTO cl_cities VALUES ('415', '51', 'wyoming', 'wyoming.craigslist.org', 'Wyoming');
INSERT INTO cl_cities VALUES ('416', '52', 'micronesia', 'micronesia.craigslist.org', 'Guam-micronesia');
INSERT INTO cl_cities VALUES ('417', '52', 'puertorico', 'puertorico.craigslist.org', 'Puerto Rico');
INSERT INTO cl_cities VALUES ('418', '52', 'virgin', 'virgin.craigslist.org', 'U.S. Virgin Islands');
INSERT INTO cl_cities VALUES ('419', '53', 'calgary', 'calgary.craigslist.ca', 'Calgary');
INSERT INTO cl_cities VALUES ('420', '53', 'edmonton', 'edmonton.craigslist.ca', 'Edmonton');
INSERT INTO cl_cities VALUES ('421', '53', 'ftmcmurray', 'ftmcmurray.craigslist.ca', 'Ft Mcmurray');
INSERT INTO cl_cities VALUES ('422', '53', 'lethbridge', 'lethbridge.craigslist.ca', 'Lethbridge');
INSERT INTO cl_cities VALUES ('423', '53', 'hat', 'hat.craigslist.ca', 'Medicine Hat');
INSERT INTO cl_cities VALUES ('424', '53', 'peace', 'peace.craigslist.ca', 'Peace River Country');
INSERT INTO cl_cities VALUES ('425', '53', 'reddeer', 'reddeer.craigslist.ca', 'Red Deer');
INSERT INTO cl_cities VALUES ('426', '54', 'cariboo', 'cariboo.craigslist.ca', 'Cariboo');
INSERT INTO cl_cities VALUES ('427', '54', 'comoxvalley', 'comoxvalley.craigslist.ca', 'Comox Valley');
INSERT INTO cl_cities VALUES ('428', '54', 'abbotsford', 'abbotsford.craigslist.ca', 'Fraser Valley');
INSERT INTO cl_cities VALUES ('429', '54', 'kamloops', 'kamloops.craigslist.ca', 'Kamloops');
INSERT INTO cl_cities VALUES ('430', '54', 'kelowna', 'kelowna.craigslist.ca', 'Kelowna / Okanagan');
INSERT INTO cl_cities VALUES ('431', '54', 'cranbrook', 'cranbrook.craigslist.ca', 'Kootenays');
INSERT INTO cl_cities VALUES ('432', '54', 'nanaimo', 'nanaimo.craigslist.ca', 'Nanaimo');
INSERT INTO cl_cities VALUES ('433', '54', 'princegeorge', 'princegeorge.craigslist.ca', 'Prince George');
INSERT INTO cl_cities VALUES ('434', '54', 'skeena', 'skeena.craigslist.ca', 'Skeena-bulkley');
INSERT INTO cl_cities VALUES ('435', '54', 'sunshine', 'sunshine.craigslist.ca', 'Sunshine Coast');
INSERT INTO cl_cities VALUES ('436', '54', 'vancouver', 'vancouver.craigslist.ca', 'Vancouver');
INSERT INTO cl_cities VALUES ('437', '54', 'victoria', 'victoria.craigslist.ca', 'Victoria');
INSERT INTO cl_cities VALUES ('438', '54', 'whistler', 'whistler.craigslist.ca', 'Whistler');
INSERT INTO cl_cities VALUES ('439', '55', 'winnipeg', 'winnipeg.craigslist.ca', 'Winnipeg');
INSERT INTO cl_cities VALUES ('440', '56', 'newbrunswick', 'newbrunswick.craigslist.ca', 'New Brunswick');
INSERT INTO cl_cities VALUES ('441', '57', 'newfoundland', 'newfoundland.craigslist.ca', 'St John\'s');
INSERT INTO cl_cities VALUES ('442', '58', 'territories', 'territories.craigslist.ca', 'Territories');
INSERT INTO cl_cities VALUES ('443', '58', 'yellowknife', 'yellowknife.craigslist.ca', 'Yellowknife');
INSERT INTO cl_cities VALUES ('444', '59', 'halifax', 'halifax.craigslist.ca', 'Halifax');
INSERT INTO cl_cities VALUES ('445', '60', 'barrie', 'barrie.craigslist.ca', 'Barrie');
INSERT INTO cl_cities VALUES ('446', '60', 'belleville', 'belleville.craigslist.ca', 'Belleville');
INSERT INTO cl_cities VALUES ('447', '60', 'brantford', 'brantford.craigslist.ca', 'Brantford-woodstock');
INSERT INTO cl_cities VALUES ('448', '60', 'chatham', 'chatham.craigslist.ca', 'Chatham-kent');
INSERT INTO cl_cities VALUES ('449', '60', 'cornwall', 'cornwall.craigslist.ca', 'Cornwall');
INSERT INTO cl_cities VALUES ('450', '60', 'guelph', 'guelph.craigslist.ca', 'Guelph');
INSERT INTO cl_cities VALUES ('451', '60', 'hamilton', 'hamilton.craigslist.ca', 'Hamilton-burlington');
INSERT INTO cl_cities VALUES ('452', '60', 'kingston', 'kingston.craigslist.ca', 'Kingston');
INSERT INTO cl_cities VALUES ('453', '60', 'kitchener', 'kitchener.craigslist.ca', 'Kitchener-waterloo-cambridge');
INSERT INTO cl_cities VALUES ('454', '60', 'londonon', 'londonon.craigslist.ca', 'London');
INSERT INTO cl_cities VALUES ('455', '60', 'niagara', 'niagara.craigslist.ca', 'Niagara Region');
INSERT INTO cl_cities VALUES ('456', '60', 'ottawa', 'ottawa.craigslist.ca', 'Ottawa-hull-gatineau');
INSERT INTO cl_cities VALUES ('457', '60', 'owensound', 'owensound.craigslist.ca', 'Owen Sound');
INSERT INTO cl_cities VALUES ('458', '60', 'peterborough', 'peterborough.craigslist.ca', 'Peterborough');
INSERT INTO cl_cities VALUES ('459', '60', 'sarnia', 'sarnia.craigslist.ca', 'Sarnia');
INSERT INTO cl_cities VALUES ('460', '60', 'soo', 'soo.craigslist.ca', 'Sault Ste Marie');
INSERT INTO cl_cities VALUES ('461', '60', 'sudbury', 'sudbury.craigslist.ca', 'Sudbury');
INSERT INTO cl_cities VALUES ('462', '60', 'thunderbay', 'thunderbay.craigslist.ca', 'Thunder Bay');
INSERT INTO cl_cities VALUES ('463', '60', 'toronto', 'toronto.craigslist.ca', 'Toronto');
INSERT INTO cl_cities VALUES ('464', '60', 'windsor', 'windsor.craigslist.ca', 'Windsor');
INSERT INTO cl_cities VALUES ('465', '61', 'pei', 'pei.craigslist.ca', 'Prince Edward Island');
INSERT INTO cl_cities VALUES ('466', '62', 'montreal', 'montreal.craigslist.ca', 'Montreal');
INSERT INTO cl_cities VALUES ('467', '62', 'quebec', 'quebec.craigslist.ca', 'Quebec City');
INSERT INTO cl_cities VALUES ('468', '62', 'saguenay', 'saguenay.craigslist.ca', 'Saguenay');
INSERT INTO cl_cities VALUES ('469', '62', 'sherbrooke', 'sherbrooke.craigslist.ca', 'Sherbrooke');
INSERT INTO cl_cities VALUES ('470', '62', 'troisrivieres', 'troisrivieres.craigslist.ca', 'Trois-rivieres');
INSERT INTO cl_cities VALUES ('471', '63', 'regina', 'regina.craigslist.ca', 'Regina');
INSERT INTO cl_cities VALUES ('472', '63', 'saskatoon', 'saskatoon.craigslist.ca', 'Saskatoon');
INSERT INTO cl_cities VALUES ('473', '64', 'whitehorse', 'whitehorse.craigslist.ca', 'Whitehorse');
INSERT INTO cl_cities VALUES ('474', '65', 'vienna', 'vienna.craigslist.at', 'Vienna');
INSERT INTO cl_cities VALUES ('475', '66', 'brussels', 'brussels.craigslist.org', 'Belgium');
INSERT INTO cl_cities VALUES ('476', '67', 'bulgaria', 'bulgaria.craigslist.org', 'Bulgaria');
INSERT INTO cl_cities VALUES ('477', '68', 'zagreb', 'zagreb.craigslist.org', 'Croatia');
INSERT INTO cl_cities VALUES ('478', '69', 'prague', 'prague.craigslist.cz', 'Prague');
INSERT INTO cl_cities VALUES ('479', '70', 'copenhagen', 'copenhagen.craigslist.org', 'Copenhagen');
INSERT INTO cl_cities VALUES ('480', '71', 'helsinki', 'helsinki.craigslist.fi', 'Finland');
INSERT INTO cl_cities VALUES ('481', '72', 'bordeaux', 'bordeaux.craigslist.org', 'Bordeaux');
INSERT INTO cl_cities VALUES ('482', '72', 'rennes', 'rennes.craigslist.org', 'Brittany');
INSERT INTO cl_cities VALUES ('483', '72', 'grenoble', 'grenoble.craigslist.org', 'Grenoble');
INSERT INTO cl_cities VALUES ('484', '72', 'lille', 'lille.craigslist.org', 'Lille');
INSERT INTO cl_cities VALUES ('485', '72', 'loire', 'loire.craigslist.org', 'Loire Valley');
INSERT INTO cl_cities VALUES ('486', '72', 'lyon', 'lyon.craigslist.org', 'Lyon');
INSERT INTO cl_cities VALUES ('487', '72', 'marseilles', 'marseilles.craigslist.org', 'Marseille');
INSERT INTO cl_cities VALUES ('488', '72', 'montpellier', 'montpellier.craigslist.org', 'Montpellier');
INSERT INTO cl_cities VALUES ('489', '72', 'cotedazur', 'cotedazur.craigslist.org', 'Nice / Cote D\'azur');
INSERT INTO cl_cities VALUES ('490', '72', 'rouen', 'rouen.craigslist.org', 'Normandy');
INSERT INTO cl_cities VALUES ('491', '72', 'paris', 'paris.craigslist.org', 'Paris');
INSERT INTO cl_cities VALUES ('492', '72', 'strasbourg', 'strasbourg.craigslist.org', 'Strasbourg');
INSERT INTO cl_cities VALUES ('493', '72', 'toulouse', 'toulouse.craigslist.org', 'Toulouse');
INSERT INTO cl_cities VALUES ('494', '73', 'berlin', 'berlin.craigslist.de', 'Berlin');
INSERT INTO cl_cities VALUES ('495', '73', 'bremen', 'bremen.craigslist.de', 'Bremen');
INSERT INTO cl_cities VALUES ('496', '73', 'cologne', 'cologne.craigslist.de', 'Cologne');
INSERT INTO cl_cities VALUES ('497', '73', 'dresden', 'dresden.craigslist.de', 'Dresden');
INSERT INTO cl_cities VALUES ('498', '73', 'dusseldorf', 'dusseldorf.craigslist.de', 'Dusseldorf');
INSERT INTO cl_cities VALUES ('499', '73', 'essen', 'essen.craigslist.de', 'Essen / Ruhr');
INSERT INTO cl_cities VALUES ('500', '73', 'frankfurt', 'frankfurt.craigslist.de', 'Frankfurt');
INSERT INTO cl_cities VALUES ('501', '73', 'hamburg', 'hamburg.craigslist.de', 'Hamburg');
INSERT INTO cl_cities VALUES ('502', '73', 'hannover', 'hannover.craigslist.de', 'Hannover');
INSERT INTO cl_cities VALUES ('503', '73', 'heidelberg', 'heidelberg.craigslist.de', 'Heidelberg');
INSERT INTO cl_cities VALUES ('504', '73', 'kaiserslautern', 'kaiserslautern.craigslist.de', 'Kaiserslautern');
INSERT INTO cl_cities VALUES ('505', '73', 'leipzig', 'leipzig.craigslist.de', 'Leipzig');
INSERT INTO cl_cities VALUES ('506', '73', 'munich', 'munich.craigslist.de', 'Munich');
INSERT INTO cl_cities VALUES ('507', '73', 'nuremberg', 'nuremberg.craigslist.de', 'Nuremberg');
INSERT INTO cl_cities VALUES ('508', '73', 'stuttgart', 'stuttgart.craigslist.de', 'Stuttgart');
INSERT INTO cl_cities VALUES ('509', '74', 'athens', 'athens.craigslist.gr', 'Greece');
INSERT INTO cl_cities VALUES ('510', '75', 'budapest', 'budapest.craigslist.org', 'Budapest');
INSERT INTO cl_cities VALUES ('511', '76', 'reykjavik', 'reykjavik.craigslist.org', 'Reykjavik');
INSERT INTO cl_cities VALUES ('512', '77', 'dublin', 'dublin.craigslist.org', 'Dublin');
INSERT INTO cl_cities VALUES ('513', '78', 'bologna', 'bologna.craigslist.it', 'Bologna');
INSERT INTO cl_cities VALUES ('514', '78', 'florence', 'florence.craigslist.it', 'Florence / Tuscany');
INSERT INTO cl_cities VALUES ('515', '78', 'genoa', 'genoa.craigslist.it', 'Genoa');
INSERT INTO cl_cities VALUES ('516', '78', 'milan', 'milan.craigslist.it', 'Milan');
INSERT INTO cl_cities VALUES ('517', '78', 'naples', 'naples.craigslist.it', 'Napoli / Campania');
INSERT INTO cl_cities VALUES ('518', '78', 'perugia', 'perugia.craigslist.it', 'Perugia');
INSERT INTO cl_cities VALUES ('519', '78', 'rome', 'rome.craigslist.it', 'Rome');
INSERT INTO cl_cities VALUES ('520', '78', 'sardinia', 'sardinia.craigslist.it', 'Sardinia');
INSERT INTO cl_cities VALUES ('521', '78', 'sicily', 'sicily.craigslist.it', 'Sicilia');
INSERT INTO cl_cities VALUES ('522', '78', 'torino', 'torino.craigslist.it', 'Torino');
INSERT INTO cl_cities VALUES ('523', '78', 'venice', 'venice.craigslist.it', 'Venice / Veneto');
INSERT INTO cl_cities VALUES ('524', '79', 'luxembourg', 'luxembourg.craigslist.org', 'Luxembourg');
INSERT INTO cl_cities VALUES ('525', '80', 'amsterdam', 'amsterdam.craigslist.org', 'Amsterdam / Randstad');
INSERT INTO cl_cities VALUES ('526', '81', 'oslo', 'oslo.craigslist.org', 'Norway');
INSERT INTO cl_cities VALUES ('527', '82', 'warsaw', 'warsaw.craigslist.pl', 'Poland');
INSERT INTO cl_cities VALUES ('528', '83', 'faro', 'faro.craigslist.pt', 'Faro / Algarve');
INSERT INTO cl_cities VALUES ('529', '83', 'lisbon', 'lisbon.craigslist.pt', 'Lisbon');
INSERT INTO cl_cities VALUES ('530', '83', 'porto', 'porto.craigslist.pt', 'Porto');
INSERT INTO cl_cities VALUES ('531', '84', 'bucharest', 'bucharest.craigslist.org', 'Romania');
INSERT INTO cl_cities VALUES ('532', '85', 'moscow', 'moscow.craigslist.org', 'Moscow');
INSERT INTO cl_cities VALUES ('533', '85', 'stpetersburg', 'stpetersburg.craigslist.org', 'St Petersburg');
INSERT INTO cl_cities VALUES ('534', '86', 'alicante', 'alicante.craigslist.es', 'Alicante');
INSERT INTO cl_cities VALUES ('535', '86', 'baleares', 'baleares.craigslist.es', 'Baleares');
INSERT INTO cl_cities VALUES ('536', '86', 'barcelona', 'barcelona.craigslist.es', 'Barcelona');
INSERT INTO cl_cities VALUES ('537', '86', 'bilbao', 'bilbao.craigslist.es', 'Bilbao');
INSERT INTO cl_cities VALUES ('538', '86', 'cadiz', 'cadiz.craigslist.es', 'Cadiz');
INSERT INTO cl_cities VALUES ('539', '86', 'canarias', 'canarias.craigslist.es', 'Canarias');
INSERT INTO cl_cities VALUES ('540', '86', 'granada', 'granada.craigslist.es', 'Granada');
INSERT INTO cl_cities VALUES ('541', '86', 'madrid', 'madrid.craigslist.es', 'Madrid');
INSERT INTO cl_cities VALUES ('542', '86', 'malaga', 'malaga.craigslist.es', 'Malaga');
INSERT INTO cl_cities VALUES ('543', '86', 'sevilla', 'sevilla.craigslist.es', 'Sevilla');
INSERT INTO cl_cities VALUES ('544', '86', 'valencia', 'valencia.craigslist.es', 'Valencia');
INSERT INTO cl_cities VALUES ('545', '87', 'stockholm', 'stockholm.craigslist.se', 'Sweden');
INSERT INTO cl_cities VALUES ('546', '88', 'basel', 'basel.craigslist.ch', 'Basel');
INSERT INTO cl_cities VALUES ('547', '88', 'bern', 'bern.craigslist.ch', 'Bern');
INSERT INTO cl_cities VALUES ('548', '88', 'geneva', 'geneva.craigslist.ch', 'Geneva');
INSERT INTO cl_cities VALUES ('549', '88', 'lausanne', 'lausanne.craigslist.ch', 'Lausanne');
INSERT INTO cl_cities VALUES ('550', '88', 'zurich', 'zurich.craigslist.ch', 'Zurich');
INSERT INTO cl_cities VALUES ('551', '89', 'istanbul', 'istanbul.craigslist.com.tr', 'Turkey');
INSERT INTO cl_cities VALUES ('552', '90', 'ukraine', 'ukraine.craigslist.org', 'Ukraine');
INSERT INTO cl_cities VALUES ('553', '91', 'aberdeen', 'aberdeen.craigslist.co.uk', 'Aberdeen');
INSERT INTO cl_cities VALUES ('554', '91', 'bath', 'bath.craigslist.co.uk', 'Bath');
INSERT INTO cl_cities VALUES ('555', '91', 'belfast', 'belfast.craigslist.co.uk', 'Belfast');
INSERT INTO cl_cities VALUES ('556', '91', 'birmingham', 'birmingham.craigslist.co.uk', 'Birmingham / West Mids');
INSERT INTO cl_cities VALUES ('557', '91', 'brighton', 'brighton.craigslist.co.uk', 'Brighton');
INSERT INTO cl_cities VALUES ('558', '91', 'bristol', 'bristol.craigslist.co.uk', 'Bristol');
INSERT INTO cl_cities VALUES ('559', '91', 'cambridge', 'cambridge.craigslist.co.uk', 'Cambridge, UK');
INSERT INTO cl_cities VALUES ('560', '91', 'cardiff', 'cardiff.craigslist.co.uk', 'Cardiff / Wales');
INSERT INTO cl_cities VALUES ('561', '91', 'coventry', 'coventry.craigslist.co.uk', 'Coventry');
INSERT INTO cl_cities VALUES ('562', '91', 'derby', 'derby.craigslist.co.uk', 'Derby');
INSERT INTO cl_cities VALUES ('563', '91', 'devon', 'devon.craigslist.co.uk', 'Devon & Cornwall');
INSERT INTO cl_cities VALUES ('564', '91', 'dundee', 'dundee.craigslist.co.uk', 'Dundee');
INSERT INTO cl_cities VALUES ('565', '91', 'norwich', 'norwich.craigslist.co.uk', 'East Anglia');
INSERT INTO cl_cities VALUES ('566', '91', 'eastmids', 'eastmids.craigslist.co.uk', 'East Midlands');
INSERT INTO cl_cities VALUES ('567', '91', 'edinburgh', 'edinburgh.craigslist.co.uk', 'Edinburgh');
INSERT INTO cl_cities VALUES ('568', '91', 'essex', 'essex.craigslist.co.uk', 'Essex');
INSERT INTO cl_cities VALUES ('569', '91', 'glasgow', 'glasgow.craigslist.co.uk', 'Glasgow');
INSERT INTO cl_cities VALUES ('570', '91', 'hampshire', 'hampshire.craigslist.co.uk', 'Hampshire');
INSERT INTO cl_cities VALUES ('571', '91', 'kent', 'kent.craigslist.co.uk', 'Kent');
INSERT INTO cl_cities VALUES ('572', '91', 'leeds', 'leeds.craigslist.co.uk', 'Leeds');
INSERT INTO cl_cities VALUES ('573', '91', 'liverpool', 'liverpool.craigslist.co.uk', 'Liverpool');
INSERT INTO cl_cities VALUES ('574', '91', 'london', 'london.craigslist.co.uk', 'London');
INSERT INTO cl_cities VALUES ('575', '91', 'manchester', 'manchester.craigslist.co.uk', 'Manchester');
INSERT INTO cl_cities VALUES ('576', '91', 'newcastle', 'newcastle.craigslist.co.uk', 'Newcastle / NE England');
INSERT INTO cl_cities VALUES ('577', '91', 'nottingham', 'nottingham.craigslist.co.uk', 'Nottingham');
INSERT INTO cl_cities VALUES ('578', '91', 'oxford', 'oxford.craigslist.co.uk', 'Oxford');
INSERT INTO cl_cities VALUES ('579', '91', 'sheffield', 'sheffield.craigslist.co.uk', 'Sheffield');
INSERT INTO cl_cities VALUES ('580', '92', 'bangladesh', 'bangladesh.craigslist.org', 'Bangladesh');
INSERT INTO cl_cities VALUES ('581', '93', 'beijing', 'beijing.craigslist.com.cn', 'Beijing');
INSERT INTO cl_cities VALUES ('582', '93', 'chengdu', 'chengdu.craigslist.com.cn', 'Chengdu');
INSERT INTO cl_cities VALUES ('583', '93', 'chongqing', 'chongqing.craigslist.com.cn', 'Chongqing');
INSERT INTO cl_cities VALUES ('584', '93', 'dalian', 'dalian.craigslist.com.cn', 'Dalian');
INSERT INTO cl_cities VALUES ('585', '93', 'guangzhou', 'guangzhou.craigslist.com.cn', 'Guangzhou');
INSERT INTO cl_cities VALUES ('586', '93', 'hangzhou', 'hangzhou.craigslist.com.cn', 'Hangzhou');
INSERT INTO cl_cities VALUES ('587', '93', 'nanjing', 'nanjing.craigslist.com.cn', 'Nanjing');
INSERT INTO cl_cities VALUES ('588', '93', 'shanghai', 'shanghai.craigslist.com.cn', 'Shanghai');
INSERT INTO cl_cities VALUES ('589', '93', 'shenyang', 'shenyang.craigslist.com.cn', 'Shenyang');
INSERT INTO cl_cities VALUES ('590', '93', 'shenzhen', 'shenzhen.craigslist.com.cn', 'Shenzhen');
INSERT INTO cl_cities VALUES ('591', '93', 'wuhan', 'wuhan.craigslist.com.cn', 'Wuhan');
INSERT INTO cl_cities VALUES ('592', '93', 'xian', 'xian.craigslist.com.cn', 'Xi\'an');
INSERT INTO cl_cities VALUES ('593', '94', 'hongkong', 'hongkong.craigslist.hk', 'Hong Kong');
INSERT INTO cl_cities VALUES ('594', '95', 'ahmedabad', 'ahmedabad.craigslist.co.in', 'Ahmedabad');
INSERT INTO cl_cities VALUES ('595', '95', 'bangalore', 'bangalore.craigslist.co.in', 'Bangalore');
INSERT INTO cl_cities VALUES ('596', '95', 'bhubaneswar', 'bhubaneswar.craigslist.co.in', 'Bhubaneswar');
INSERT INTO cl_cities VALUES ('597', '95', 'chandigarh', 'chandigarh.craigslist.co.in', 'Chandigarh');
INSERT INTO cl_cities VALUES ('598', '95', 'chennai', 'chennai.craigslist.co.in', 'Chennai (madras)');
INSERT INTO cl_cities VALUES ('599', '95', 'delhi', 'delhi.craigslist.co.in', 'Delhi');
INSERT INTO cl_cities VALUES ('600', '95', 'goa', 'goa.craigslist.co.in', 'Goa');
INSERT INTO cl_cities VALUES ('601', '95', 'hyderabad', 'hyderabad.craigslist.co.in', 'Hyderabad');
INSERT INTO cl_cities VALUES ('602', '95', 'indore', 'indore.craigslist.co.in', 'Indore');
INSERT INTO cl_cities VALUES ('603', '95', 'jaipur', 'jaipur.craigslist.co.in', 'Jaipur');
INSERT INTO cl_cities VALUES ('604', '95', 'kerala', 'kerala.craigslist.co.in', 'Kerala');
INSERT INTO cl_cities VALUES ('605', '95', 'kolkata', 'kolkata.craigslist.co.in', 'Kolkata (calcutta)');
INSERT INTO cl_cities VALUES ('606', '95', 'lucknow', 'lucknow.craigslist.co.in', 'Lucknow');
INSERT INTO cl_cities VALUES ('607', '95', 'mumbai', 'mumbai.craigslist.co.in', 'Mumbai');
INSERT INTO cl_cities VALUES ('608', '95', 'pune', 'pune.craigslist.co.in', 'Pune');
INSERT INTO cl_cities VALUES ('609', '95', 'surat', 'surat.craigslist.co.in', 'Surat Surat');
INSERT INTO cl_cities VALUES ('610', '96', 'jakarta', 'jakarta.craigslist.org', 'Indonesia');
INSERT INTO cl_cities VALUES ('611', '97', 'tehran', 'tehran.craigslist.org', 'Iran');
INSERT INTO cl_cities VALUES ('612', '98', 'baghdad', 'baghdad.craigslist.org', 'Iraq');
INSERT INTO cl_cities VALUES ('613', '99', 'haifa', 'haifa.craigslist.org', 'Haifa');
INSERT INTO cl_cities VALUES ('614', '99', 'jerusalem', 'jerusalem.craigslist.org', 'Jerusalem');
INSERT INTO cl_cities VALUES ('615', '99', 'telaviv', 'telaviv.craigslist.org', 'Tel Aviv');
INSERT INTO cl_cities VALUES ('616', '99', 'ramallah', 'ramallah.craigslist.org', 'West Bank');
INSERT INTO cl_cities VALUES ('617', '100', 'fukuoka', 'fukuoka.craigslist.jp', 'Fukuoka');
INSERT INTO cl_cities VALUES ('618', '100', 'hiroshima', 'hiroshima.craigslist.jp', 'Hiroshima');
INSERT INTO cl_cities VALUES ('619', '100', 'nagoya', 'nagoya.craigslist.jp', 'Nagoya');
INSERT INTO cl_cities VALUES ('620', '100', 'okinawa', 'okinawa.craigslist.jp', 'Okinawa');
INSERT INTO cl_cities VALUES ('621', '100', 'osaka', 'osaka.craigslist.jp', 'Osaka-kobe-kyoto');
INSERT INTO cl_cities VALUES ('622', '100', 'sapporo', 'sapporo.craigslist.jp', 'Sapporo');
INSERT INTO cl_cities VALUES ('623', '100', 'sendai', 'sendai.craigslist.jp', 'Sendai');
INSERT INTO cl_cities VALUES ('624', '100', 'tokyo', 'tokyo.craigslist.jp', 'Tokyo');
INSERT INTO cl_cities VALUES ('625', '101', 'seoul', 'seoul.craigslist.co.kr', 'Seoul');
INSERT INTO cl_cities VALUES ('626', '102', 'kuwait', 'kuwait.craigslist.org', 'Kuwait');
INSERT INTO cl_cities VALUES ('627', '103', 'beirut', 'beirut.craigslist.org', 'Beirut, Lebanon');
INSERT INTO cl_cities VALUES ('628', '104', 'malaysia', 'malaysia.craigslist.org', 'Malaysia');
INSERT INTO cl_cities VALUES ('629', '105', 'pakistan', 'pakistan.craigslist.org', 'Pakistan');
INSERT INTO cl_cities VALUES ('630', '106', 'bacolod', 'bacolod.craigslist.com.ph', 'Bacolod');
INSERT INTO cl_cities VALUES ('631', '106', 'naga', 'naga.craigslist.com.ph', 'Bicol Region');
INSERT INTO cl_cities VALUES ('632', '106', 'cdo', 'cdo.craigslist.com.ph', 'Cagayan De Oro');
INSERT INTO cl_cities VALUES ('633', '106', 'cebu', 'cebu.craigslist.com.ph', 'Cebu');
INSERT INTO cl_cities VALUES ('634', '106', 'davaocity', 'davaocity.craigslist.com.ph', 'Davao City');
INSERT INTO cl_cities VALUES ('635', '106', 'iloilo', 'iloilo.craigslist.com.ph', 'Iloilo');
INSERT INTO cl_cities VALUES ('636', '106', 'manila', 'manila.craigslist.com.ph', 'Manila');
INSERT INTO cl_cities VALUES ('637', '106', 'pampanga', 'pampanga.craigslist.com.ph', 'Pampanga');
INSERT INTO cl_cities VALUES ('638', '106', 'zamboanga', 'zamboanga.craigslist.com.ph', 'Zamboanga');
INSERT INTO cl_cities VALUES ('639', '107', 'singapore', 'singapore.craigslist.com.sg', 'Singapore');
INSERT INTO cl_cities VALUES ('640', '108', 'taipei', 'taipei.craigslist.com.tw', 'Taiwan');
INSERT INTO cl_cities VALUES ('641', '109', 'bangkok', 'bangkok.craigslist.co.th', 'Thailand');
INSERT INTO cl_cities VALUES ('642', '110', 'dubai', 'dubai.craigslist.org', 'United Arab Emirates');
INSERT INTO cl_cities VALUES ('643', '111', 'vietnam', 'vietnam.craigslist.org', 'Vietnam');
INSERT INTO cl_cities VALUES ('644', '112', 'adelaide', 'adelaide.craigslist.com.au', 'Adelaide');
INSERT INTO cl_cities VALUES ('645', '112', 'brisbane', 'brisbane.craigslist.com.au', 'Brisbane');
INSERT INTO cl_cities VALUES ('646', '112', 'cairns', 'cairns.craigslist.com.au', 'Cairns');
INSERT INTO cl_cities VALUES ('647', '112', 'canberra', 'canberra.craigslist.com.au', 'Canberra');
INSERT INTO cl_cities VALUES ('648', '112', 'darwin', 'darwin.craigslist.com.au', 'Darwin');
INSERT INTO cl_cities VALUES ('649', '112', 'goldcoast', 'goldcoast.craigslist.com.au', 'Gold Coast');
INSERT INTO cl_cities VALUES ('650', '112', 'melbourne', 'melbourne.craigslist.com.au', 'Melbourne');
INSERT INTO cl_cities VALUES ('651', '112', 'ntl', 'ntl.craigslist.com.au', 'Newcastle, NSW');
INSERT INTO cl_cities VALUES ('652', '112', 'perth', 'perth.craigslist.com.au', 'Perth');
INSERT INTO cl_cities VALUES ('653', '112', 'sydney', 'sydney.craigslist.com.au', 'Sydney');
INSERT INTO cl_cities VALUES ('654', '112', 'hobart', 'hobart.craigslist.com.au', 'Tasmania');
INSERT INTO cl_cities VALUES ('655', '112', 'wollongong', 'wollongong.craigslist.com.au', 'Wollongong');
INSERT INTO cl_cities VALUES ('656', '113', 'auckland', 'auckland.craigslist.org', 'Auckland');
INSERT INTO cl_cities VALUES ('657', '113', 'christchurch', 'christchurch.craigslist.org', 'Christchurch');
INSERT INTO cl_cities VALUES ('658', '113', 'dunedin', 'dunedin.craigslist.co.nz', 'Dunedin');
INSERT INTO cl_cities VALUES ('659', '113', 'wellington', 'wellington.craigslist.org', 'Wellington');
INSERT INTO cl_cities VALUES ('660', '114', 'caribbean', 'caribbean.craigslist.org', 'Caribbean Islands');
INSERT INTO cl_cities VALUES ('661', '115', 'buenosaires', 'buenosaires.craigslist.org', 'Buenos Aires');
INSERT INTO cl_cities VALUES ('662', '116', 'lapaz', 'lapaz.craigslist.org', 'Bolivia');
INSERT INTO cl_cities VALUES ('663', '117', 'belohorizonte', 'belohorizonte.craigslist.org', 'Belo Horizonte');
INSERT INTO cl_cities VALUES ('664', '117', 'brasilia', 'brasilia.craigslist.org', 'Brasilia');
INSERT INTO cl_cities VALUES ('665', '117', 'curitiba', 'curitiba.craigslist.org', 'Curitiba');
INSERT INTO cl_cities VALUES ('666', '117', 'fortaleza', 'fortaleza.craigslist.org', 'Fortaleza');
INSERT INTO cl_cities VALUES ('667', '117', 'portoalegre', 'portoalegre.craigslist.org', 'Porto Alegre');
INSERT INTO cl_cities VALUES ('668', '117', 'recife', 'recife.craigslist.org', 'Recife');
INSERT INTO cl_cities VALUES ('669', '117', 'rio', 'rio.craigslist.org', 'Rio De Janeiro');
INSERT INTO cl_cities VALUES ('670', '117', 'salvador', 'salvador.craigslist.org', 'Salvador, Bahia');
INSERT INTO cl_cities VALUES ('671', '117', 'saopaulo', 'saopaulo.craigslist.org', 'Sao Paulo');
INSERT INTO cl_cities VALUES ('672', '118', 'santiago', 'santiago.craigslist.org', 'Chile');
INSERT INTO cl_cities VALUES ('673', '119', 'colombia', 'colombia.craigslist.org', 'Colombia');
INSERT INTO cl_cities VALUES ('674', '120', 'costarica', 'costarica.craigslist.org', 'Costa Rica');
INSERT INTO cl_cities VALUES ('675', '121', 'santodomingo', 'santodomingo.craigslist.org', 'Dominican Republic');
INSERT INTO cl_cities VALUES ('676', '122', 'quito', 'quito.craigslist.org', 'Ecuador');
INSERT INTO cl_cities VALUES ('677', '123', 'elsalvador', 'elsalvador.craigslist.org', 'El Salvador');
INSERT INTO cl_cities VALUES ('678', '124', 'guatemala', 'guatemala.craigslist.org', 'Guatemala');
INSERT INTO cl_cities VALUES ('679', '125', 'acapulco', 'acapulco.craigslist.com.mx', 'Acapulco');
INSERT INTO cl_cities VALUES ('680', '125', 'bajasur', 'bajasur.craigslist.com.mx', 'Baja California Sur');
INSERT INTO cl_cities VALUES ('681', '125', 'chihuahua', 'chihuahua.craigslist.com.mx', 'Chihuahua');
INSERT INTO cl_cities VALUES ('682', '125', 'juarez', 'juarez.craigslist.com.mx', 'Ciudad Juarez');
INSERT INTO cl_cities VALUES ('683', '125', 'guadalajara', 'guadalajara.craigslist.com.mx', 'Guadalajara');
INSERT INTO cl_cities VALUES ('684', '125', 'guanajuato', 'guanajuato.craigslist.com.mx', 'Guanajuato');
INSERT INTO cl_cities VALUES ('685', '125', 'hermosillo', 'hermosillo.craigslist.com.mx', 'Hermosillo');
INSERT INTO cl_cities VALUES ('686', '125', 'mazatlan', 'mazatlan.craigslist.com.mx', 'Mazatlan');
INSERT INTO cl_cities VALUES ('687', '125', 'mexicocity', 'mexicocity.craigslist.com.mx', 'Mexico City');
INSERT INTO cl_cities VALUES ('688', '125', 'monterrey', 'monterrey.craigslist.com.mx', 'Monterrey');
INSERT INTO cl_cities VALUES ('689', '125', 'oaxaca', 'oaxaca.craigslist.com.mx', 'Oaxaca');
INSERT INTO cl_cities VALUES ('690', '125', 'puebla', 'puebla.craigslist.com.mx', 'Puebla');
INSERT INTO cl_cities VALUES ('691', '125', 'pv', 'pv.craigslist.com.mx', 'Puerto Vallarta');
INSERT INTO cl_cities VALUES ('692', '125', 'tijuana', 'tijuana.craigslist.com.mx', 'Tijuana');
INSERT INTO cl_cities VALUES ('693', '125', 'veracruz', 'veracruz.craigslist.com.mx', 'Veracruz');
INSERT INTO cl_cities VALUES ('694', '125', 'yucatan', 'yucatan.craigslist.com.mx', 'Yucatan');
INSERT INTO cl_cities VALUES ('695', '126', 'managua', 'managua.craigslist.org', 'Nicaragua');
INSERT INTO cl_cities VALUES ('696', '127', 'panama', 'panama.craigslist.org', 'Panama');
INSERT INTO cl_cities VALUES ('697', '128', 'lima', 'lima.craigslist.org', 'Peru');
INSERT INTO cl_cities VALUES ('698', '130', 'montevideo', 'montevideo.craigslist.org', 'Montevideo');
INSERT INTO cl_cities VALUES ('699', '131', 'caracas', 'caracas.craigslist.org', 'Venezuela');
INSERT INTO cl_cities VALUES ('700', '133', 'cairo', 'cairo.craigslist.org', 'Egypt');
INSERT INTO cl_cities VALUES ('701', '134', 'addisababa', 'addisababa.craigslist.org', 'Ethiopia');
INSERT INTO cl_cities VALUES ('702', '135', 'accra', 'accra.craigslist.org', 'Ghana');
INSERT INTO cl_cities VALUES ('703', '136', 'kenya', 'kenya.craigslist.org', 'Kenya');
INSERT INTO cl_cities VALUES ('704', '137', 'casablanca', 'casablanca.craigslist.org', 'Morocco');
INSERT INTO cl_cities VALUES ('705', '138', 'capetown', 'capetown.craigslist.co.za', 'Cape Town');
INSERT INTO cl_cities VALUES ('706', '138', 'durban', 'durban.craigslist.co.za', 'Durban');
INSERT INTO cl_cities VALUES ('707', '138', 'johannesburg', 'johannesburg.craigslist.co.za', 'Johannesburg');
INSERT INTO cl_cities VALUES ('708', '138', 'pretoria', 'pretoria.craigslist.co.za', 'Pretoria');
INSERT INTO cl_cities VALUES ('709', '139', 'tunis', 'tunis.craigslist.org', 'Tunisia');




/*
ALTER TABLE cl_states ADD CONSTRAINT states_region_fkey FOREIGN KEY (region_id) REFERENCES cl_regions(region_id);
ALTER TABLE cl_cities ADD CONSTRAINT city_state_fkey FOREIGN KEY (state_id) REFERENCES cl_states(state_id);
*/

